Entity,Year,Beef,Hides,Lamb,Pork,Coal,Natural gas,Petroleum,Barley,Corn,Rice,Rye,Wheat,Aluminum,Chromium,Copper,Lead,Manganese,Nickel,Steel,Tin,Zinc,Bauxite,Iron ore,Phosphate,Potash,Sulfur,Gold,Platinum,Silver,Cocoa,Coffee,Cotton,Cottonseed,Palm oil,Peanuts,Rubber,Sugar,Tea,Tobacco,Wool
World,1850,76.80694471,64.51783355,78.36911985,55.13065906,94.96799265,,,116.8384226,98.80268838,124.9669749,189.6575143,98.04872698,,,115.8092126,138.6827818,,416.0845443,58.3065494,61.75391103,86.28674721,,,,,,107.5297226,,214.3956815,79.91210062,138.9906694,134.8133835,,117.3051519,,,210.8425933,191.1221759,181.2696806,121.1842905
World,1851,78.46539425,77.74109831,81.92319129,76.30844038,108.0841355,,,126.4721324,98.94129557,118.7584345,205.8352318,70.05146382,,,118.3098164,137.6863725,,425.0688259,60.0801622,66.32257645,83.36460917,,,,,,109.851552,,219.0250079,78.66895814,120.2754219,111.4911274,,111.8488529,,,224.0110079,182.4457594,202.114122,129.0319817
World,1852,80.21488969,73.56680702,81.04817723,92.36371987,104.1627832,,,143.7136162,106.7651641,132.176235,224.2432444,68.53605593,,,133.5526699,140.1640398,,420.5287049,62.08705263,68.01471031,94.93253774,,,,,,108.6782377,,216.685622,63.19299031,112.3801728,110.3003009,,114.6061415,,,196.0470169,155.1641505,180.2132984,144.9043169
World,1853,100.9155064,85.27061723,99.46821751,84.03927551,113.5005973,,,166.8283937,109.2369243,160.0801068,200.9218993,111.9464869,,,159.0627305,189.517575,,370.4138852,67.43880985,90.41955605,153.4867277,,,,,,108.6782377,,216.685622,92.88047956,115.685472,107.0561744,,146.2216288,,,221.618367,193.1635343,183.0810846,156.9796766
World,1854,102.3809524,90.76923077,91.52542373,67.31146854,128.817143,,,166.4530656,118.1766805,166.2162162,146.9032611,152.599007,,,158.7880521,174.3841077,,340.8353808,63.69511544,85.40815277,163.2403515,,,,,,100,,199.382716,94.58436926,123.1751825,86.56716418,,174.5454545,,,196.0784314,180.6526807,169.1941306,134.1269841
World,1855,101.7615638,104.6080411,87.25779701,84.30487719,124.4297173,,,156.7455104,135.8427906,170.6443914,119.3020423,178.457213,,,154.2404229,165.860859,,305.7565632,44.27724041,82.24690541,130.281809,,,,,,97.13603819,,193.6724712,91.87550904,116.6932332,92.78666334,,155.4176611,,,220.9368712,170.4975216,166.4604965,128.7437966
World,1856,96.6689839,131.0200262,88.95624562,86.45023267,122.912866,,,188.184438,97.08020591,133.8199513,187.6526826,144.3562611,,,147.6713767,179.8822279,,311.7080292,43.50852749,96.97182477,143.9426099,,,,,,99.02676399,,197.4422517,93.66384012,129.5058045,112.3288666,,151.2408759,,,256.3045656,168.6224967,173.9082269,157.1853397
World,1857,96.21749409,159.8690671,88.06346917,99.91264282,135.6381094,,,187.2946771,106.9439644,133.9243499,177.4822415,123.6765093,,,150.1248084,169.5358104,,279.7163121,42.27424302,94.92927847,170.0810576,,,,,,96.32610923,,192.1380206,85.80632648,128.7582038,126.3752161,,157.4468085,,,309.4052751,195.2385282,172.0346249,167.9987992
World,1858,99.57632176,138.0990939,88.17382439,80.96384645,126.4095444,,,164.1307881,110.7463326,104.7619048,220.6937656,93.49119322,,,138.0281191,164.9100755,,245.4135338,44.81705463,87.87163657,154.8199885,,,,,,102.0050125,,203.3803645,90.04874453,128.7472026,133.9767329,,144.6616541,,,264.0129736,196.8768074,175.4428811,159.0792457
World,1859,98.58797117,139.8358465,90.72212642,88.14957185,120.6676618,,,156.8981915,124.3123092,117.369727,183.3936435,125.2990213,,,136.658113,165.1077819,,242.9776675,44.37222034,99.64040891,124.3400898,,,,,,100.9925558,,201.3617008,76.41853754,138.2197388,120.5881264,,165.2605459,,,245.5505279,218.6994974,169.0591039,171.9278034
World,1860,100.9925558,142.9433098,95.85734113,101.2427438,115.8587722,,500,171.3739175,107.5652548,140.5707196,193.5643643,132.4284108,,,132.4747014,161.4387201,,242.9776675,44.37222034,97.40965349,119.7091739,,,,,,100.9925558,,201.3617008,71.86981507,147.4343881,120.5881264,,168.9330025,,,253.4715127,219.523446,167.6105915,179.9430856
World,1861,95.31615925,117.312196,88.85404676,66.8236327,110.825936,,468.6346787,159.097382,63.31989147,136.5339578,226.9292148,96.7246951,,,117.1322597,141.9763664,,229.3208431,43.26247459,83.51314429,99.65036749,,,,,,99.2127318,,190.0439471,69.54751648,159.4400474,143.6855535,,155.971897,,,216.7975387,189.0770432,164.3239739,157.3473105
World,1862,77.52380952,95.0469428,74.99695784,46.67284931,117.2216484,,306.5091127,135.4927954,62.00803321,119.5897436,175.5310245,90.17251897,,,100.2903213,125.8732808,,180.7753846,43.07203992,71.3048578,101.0651068,,,,,,116.3179305,,220.1845521,124.1004299,223.4450059,256.691925,,130.5435897,,,183.3443942,186.6298488,152.8959543,140.4704925
World,1863,65.29326603,65.85677264,61.21749788,55.06616628,122.668705,,354.506925,102.395838,103.1432645,99.42481512,98.71766217,94.19757195,,,79.42409202,100.8434255,,221.2654067,53.00404197,59.09577227,123.5994096,,,,,,118.7139085,,201.4831046,134.3566062,245.1258229,307.4749506,,89.99178307,,,141.6404853,145.8546657,121.5333889,117.5809628
World,1864,55.99224588,50.98035254,49.82360862,83.72356051,121.7780172,,412.8282903,71.93760987,151.8014365,69.33683519,54.1770409,115.8312809,,,65.68020339,81.5529092,,245.3893631,53.89356567,40.92598875,161.6280841,,,,,,97.80542884,,242.4091908,117.0414068,104.8461306,274.4151861,,66.08010506,,,134.1418511,113.435022,94.7760529,104.5612773
World,1865,56.46129256,45.99990257,55.92039587,104.3803137,131.0167703,,424.0667803,71.26934386,86.09339772,75.93413553,69.25554098,83.14042896,,,59.07998114,74.91485311,,173.639012,45.86106838,34.54021264,126.3477487,,,,,,73.01690599,,150.279322,132.0971822,100.3437761,178.5070846,,69.36035465,,,109.1681258,119.445933,90.80815637,96.55699307
World,1866,59.18809369,45.56805118,54.68441978,91.15155691,103.3792855,,331.1589442,91.70781581,75.55745823,85.76998051,77.27178888,97.95697232,,,59.1549082,78.78350675,,164.3664717,52.28656374,31.93309236,134.8460099,,,,,,73.67363771,,144.1456293,93.92941662,89.27851529,151.5696372,,80.7797271,,,107.857152,118.7900901,91.57332247,98.64682282
World,1867,60.81888822,48.90462397,52.91586885,70.21710563,94.30957725,,261.7253325,104.9843448,128.8002541,91.28312413,58.59332801,159.7359863,,,55.64851545,81.45880136,,172.9874477,56.11507782,36.36100228,126.8899999,,,,,,79.81649493,,152.510245,77.02491334,83.73078894,118.6119611,,84.63040446,,,124.6588454,124.8417552,98.27848207,90.77782205
World,1868,60.47757274,56.34475829,51.0614745,94.14306928,93.54433512,,217.6341718,117.4445695,129.4348645,87.808418,54.28791664,143.580054,,,57.09435987,82.62311852,,135.0130624,52.65020954,41.31808001,132.8592273,,,,,,80.34281656,,159.2550037,72.00310122,75.4558071,119.9055521,,85.92162554,,,129.7248072,132.6690484,107.5623335,86.49699357
World,1869,67.48855485,60.67198509,60.57557834,115.2003681,100.84697,,221.715608,112.5402771,109.9045417,79.93943982,75.29602234,97.06847722,,,58.7071042,86.18823416,,171.7244512,51.4244045,57.16542967,144.8081417,,,,,,74.09850381,,149.2002411,68.07162148,78.71165949,143.4733976,,91.86979561,,,144.9881997,127.6926959,100.2474381,83.38259856
World,1870,73.54037267,65.33779264,63.25718497,107.813162,99.89809285,,186.1517628,103.2411067,121.3739706,83.47826087,103.3932136,88.10217806,,,57.752025,86.49704473,,165.1351779,50.27549321,59.22229484,131.0069612,,,,,156.4317841,71.97233265,,142.0021471,78.81756614,88.06728023,124.8539909,,91.256917,203.4221599,,151.4066496,128.8456471,93.16028553,84.52035887
World,1871,86.75595238,76.15384615,73.41101695,68.46614368,106.7267223,,174.4751112,130.2364865,88.39328498,84.54391892,105.251996,118.1572376,,,65.50007149,91.16565006,,181.9459459,48.55755398,67.82953512,116.3259457,,,,,164.762931,77.0651911,,149.8070988,66.68648434,108.7287105,95.42910448,,95,221.7741935,,167.1568627,131.7307692,104.6641791,114.5833333
World,1872,85.11904762,88.84615385,78.0720339,58.64471511,102.5883735,,166.3554475,124.6621622,69.22917756,92.90540541,102.0958084,121.5237987,,,88.28270505,101.1564062,,310.1351351,48.30443033,73.90382185,117.2716851,,,,,120.9051724,78.90284833,,153.7326389,71.59135949,140.0927616,123.1343284,,97.5,188.5080645,,161.7647059,134.4551282,109.7947761,140.2281746
World,1873,93.56321839,95.00265252,84.44476914,62.87123779,109.7200497,,130.5625024,166.0344828,67.1369892,91.03448276,106.0289765,116.0568535,,,81.38899438,119.8201723,,540.2482759,52.40416066,68.19957788,139.4867774,,,,,163.3323424,77.94105789,,153.8811728,65.75266172,172.8699975,103.6875965,,96.96551724,178.8264739,,154.1041244,136.3373121,90.07205353,136.4463602
World,1874,89.5315735,95.28428094,77.48096291,87.61369212,115.0868328,,96.71504973,174.2753623,127.551727,99.63768116,125.9770314,113.2020466,,,80.42709892,119.2013046,,458.2608696,53.70501299,53.20136153,123.06491,,,,,129.6664168,83.60382354,,160.5489019,69.92480771,187.2449002,93.54044992,112.3775612,96.52173913,230.7094437,,153.246661,146.0888146,150.7651958,130.4937313
World,1875,100.1834945,87.09658762,92.06384606,112.7024829,112.9962862,,100.6844489,160.9022556,126.5048116,85.80827068,115.900905,110.3820155,,,86.619687,125.0722483,,454.0150376,53.75229841,47.31549661,122.8094357,,,,,142.4552761,86.86711336,,164.5775318,69.35591059,175.6701288,91.34777242,126.0993,100.1503759,197.4290565,,150.0073714,149.1734143,87.92223095,127.2026793
World,1876,96.99802924,72.3180573,95.60692321,105.6454747,103.2823687,,154.1336165,131.8575553,91.22964198,95.28392685,106.3359326,113.8260929,,,82.21336616,123.8122969,,395.8267565,55.04566459,42.68565174,130.1950709,,,,,140.4799044,83.70461376,,158.9862641,80.70381938,184.241566,84.19117119,102.1180844,108.2579403,171.8525878,,159.7614599,149.932134,85.36049301,116.2732786
World,1877,93.56321839,83.89844638,93.78976371,83.971802,89.48036532,,132.1142813,124.729064,94.54140154,108.3743842,97.00480812,144.3082566,,,75.29866147,119.4559772,,257.2610837,56.34723696,40.15213243,110.8876595,,,,,120.2955665,81.53560168,,149.9981755,87.766538,197.8502711,99.34857731,104.5326992,116.6502463,152.6330844,,188.6989278,149.3646583,64.63642379,116.1584174
World,1878,98.20751465,88.06300215,97.01856169,60.33558291,80.76287938,,93.14025811,120.7859359,82.20873239,113.753878,91.5707365,115.0911559,,,72.06254587,101.6846145,,160.3309204,59.14420425,37.80672911,94.19751296,,,,,119.7357629,84.25931902,,142.8945319,95.96756377,169.4736734,99.25450308,87.66109189,116.3185109,160.2094939,,165.0546465,150.0092806,72.87039467,117.9158254
World,1879,90.19057468,82.88282555,91.31158747,61.10020435,79.27096273,,70.64381543,123.8883144,78.66648539,110.3412616,113.2452778,118.1594082,,,67.41334936,92.51006283,,150.204757,56.83267313,45.24411844,97.22109712,,,,,108.8506936,84.1778697,,148.6103132,108.4412239,149.3423276,100.5108892,99.85236958,104.0744571,133.0553424,,158.4524606,144.0246069,76.63955301,106.2244546
World,1880,95.82912883,96.0397423,91.88458841,75.5599737,98.72506404,,77.61286506,133.8042381,80.66506909,101.0090817,122.143201,122.7266401,,,71.45148851,98.47599019,,156.4480323,50.0505408,53.21998677,103.8118381,,,121.9549586,,116.8360068,82.13925328,,141.4620473,96.58458029,145.1010227,102.9805564,105.3648352,95.580222,132.4826666,,164.2785066,128.9528836,99.30267934,123.2088799
World,1881,93.87343232,90.98501902,96.06116062,99.6387804,88.45765738,,72.48765025,165.2875883,107.4973683,93.23915237,150.3427051,133.5282312,,,70.3173379,90.26965767,,149.8607467,50.50417108,56.24384966,98.75856341,,,169.7759461,,135.9546261,82.13925328,,143.1099027,88.23095933,118.3707913,85.81713029,116.6943874,95.580222,145.7309332,,170.7208009,122.7302129,117.6920644,107.2373584
World,1882,99.74052184,90.98501902,100.2377328,120.122723,88.45765738,,65.3325985,127.346115,144.4110121,83.24924319,103.452832,136.1559065,,,74.85394034,86.53950653,,163.0353179,50.50417108,61.68680285,100.2808232,,,137.2851316,,142.3274992,82.13925328,,139.3071595,87.33936383,103.7815809,84.59117129,112.1625665,104.5408678,190.7750399,,164.2785066,120.4326115,104.2065154,104.3038137
World,1883,101.7949095,92.85906678,103.7232278,100.7911515,86.24930682,,66.2221097,121.3182286,116.9129086,91.76107106,97.71928851,120.2242591,,,72.92319785,78.42383474,,186.5623069,51.54442177,57.40232236,86.39376461,,,140.3382268,,112.7383785,83.83110196,,143.5995728,94.79442068,105.3837859,77.57504957,103.48805,124.984552,213.6340985,,161.0872155,121.7407378,110.106522,99.7989309
World,1884,99.85979671,94.81193885,92.84784972,92.23808048,77.36390844,,70.75158869,101.5772871,115.9245392,90.22082019,91.23204695,100.1954836,,,63.82012178,69.96680978,,120.126183,52.62842644,51.04700265,87.06592461,,,131.1335638,,110.6820407,85.59411146,,143.1852111,86.94188023,110.4202219,80.48401525,90.3165452,112.0504732,173.9493233,,117.4821138,117.5173232,103.4794482,98.84081919
World,1885,91.49805845,94.0574447,82.89808686,72.84264769,94.89724331,,69.65619883,119.527897,97.41371252,82.61802575,101.1110826,103.2523275,,,51.85575107,73.77294417,,113.8197425,53.13858512,55.94600565,87.02200534,,,149.8582915,,97.87997632,87.33905579,,139.0955333,87.50663424,91.97429461,88.64262379,81.91801095,95.27896996,112.6955559,,119.8771354,122.7632882,97.76759977,91.84464201
World,1886,85.00417711,87.88124157,93.79274457,73.26082547,90.11260121,,63.6839422,116.4473684,86.2080882,80.81140351,94.42080751,96.36373713,,,49.29575683,85.92926689,,85.89473684,58.95930782,64.40164817,90.03881504,,,106.6570932,,103.8736388,89.25438596,,138.5646794,92.66578617,107.7902345,75.93283582,81.86781609,77.89473684,126.6836446,,101.504988,122.438709,95.91516104,91.02530632
World,1887,75.67400062,84.21158018,77.81168425,85.58889858,94.22868346,,59.93559969,112.7982646,91.216905,72.77657267,94.2778218,94.15519289,,,53.63720526,82.59169581,,109.7440347,59.62456055,72.80359855,93.54910368,,,93.94074798,,92.09177949,88.28633406,,132.1570124,88.27679062,193.6633772,75.10926927,92.54843294,70.62906725,113.9178504,,100.4040662,108.8658991,138.3591802,93.54147299
World,1888,81.98016734,73.34556983,86.78995551,99.87801623,84.89070582,,67.47748161,128.1995662,107.4715744,84.70715835,104.3223748,113.4559479,,,98.74121878,89.0065848,,102.6637744,63.98116696,76.0537592,99.57092662,,,110.909103,,91.3306904,88.28633406,,127.5247047,88.27679062,171.0637226,81.69780166,113.8589274,70.62906725,131.005528,,110.7906937,113.0847099,104.0988118,92.8407878
World,1889,84.73734785,70.19661952,97.44242608,79.12335727,86.86831666,,66.70715344,93.04932735,81.11079335,90.02242152,76.50170511,110.0577345,,,64.26132964,86.19827297,,118.9237668,66.13299993,62.48616032,105.1165542,,,135.9965958,,103.8425854,91.25560538,,135.0526629,84.05294608,204.2809089,89.89358142,86.22081336,82.95964126,173.6800231,,135.9887453,114.7608371,89.89358142,106.4648729
World,1890,83.50070187,65.3130996,92.29024943,71.56114304,87.85321821,,59.17307969,140.8163265,94.16572431,91.0430839,114.7641225,116.4307396,,,68.81285239,88.85203107,,120.2721088,66.88280719,63.87413224,117.4699354,,,161.9635119,,92.29024943,92.29024943,,150.398925,80.64547658,213.7907745,86.7803838,89.74431152,90.6122449,169.6949748,138.2311922,110.3863768,114.5560788,110.1973128,101.079797
World,1891,87.89547565,62.47339962,82.90480034,79.71560769,87.85321821,,45.70674395,118.3673469,141.4566375,88.67346939,142.2117217,126.0534917,,,64.98991615,83.82267082,,101.7687075,66.88280719,61.8355961,106.2378206,,,159.6497475,,124.910079,92.29024943,,136.1566026,75.93585723,201.1598097,71.62825329,89.10782704,87.25623583,113.1299832,129.1791249,112.1959895,115.7392872,112.9522456,91.92401828
World,1892,83.50070187,62.47339962,82.90480034,92.44266933,87.85321821,,37.96849107,105.6689342,111.0892217,97.27891156,98.92188412,103.2301306,,,57.34404366,71.2492702,,138.7755102,62.80527788,63.19462019,98.14435008,,,124.1720258,,105.8155446,92.29024943,,119.6355085,74.21079807,190.4000989,66.11838765,82.10649777,80.54421769,101.2215639,110.4624446,115.815215,108.855166,122.5945104,81.30331498
World,1893,83.34698558,63.18983769,85.43772353,120.9446662,86.16796048,,44.17943995,92.20183486,96.72984797,81.3646789,92.41700086,89.34533263,,,54.77934446,68.67499138,,97.32110092,63.52552189,55.32802146,87.32037875,,,116.4856589,,82.88714015,93.34862385,,101.2717324,82.44903766,214.7661871,62.69683692,93.34862385,82.31651376,102.3823616,118.406809,108.9067278,107.2203599,110.0677804,81.49483035
World,1894,85.98264246,66.06899096,90.98483925,96.95714939,85.40167866,,60.5496915,104.7961631,109.931835,67.26618705,94.67970534,78.66006792,,,53.90615135,68.25818784,,111.5395683,66.41997013,48.86620433,78.84235981,,,94.8804262,,76.65116183,97.60191847,,92.6314504,75.71243837,219.0452626,61.18329217,72.69660134,86.95443645,85.00812253,116.5032929,105.2569709,109.0911886,96.14517341,84.43340566
World,1895,88.0952381,87.69230769,98.30508475,85.63170933,82.69230769,,100.437423,80.58968059,102.2347099,75.67567568,81.23752495,85.97901028,,,59.37292383,78.10954824,,60.14742015,68.05191043,46.38546228,83.11043179,,,96.65738162,,73.96551724,100,,104.4753086,73.76679999,205.5454177,65.67164179,71.03448276,83.63636364,96.77419355,131.4159292,94.11764706,112.2377622,101.4925373,94.04761905
World,1896,80.95238095,83.07692308,89.83050847,67.21717589,79.80769231,,87.18245498,72.72727273,67.65333682,83.78378378,73.65269461,94.35018943,,,64.89598651,83.55905161,,66.16216216,68.05191043,44.17663074,90.42797096,,,106.1281337,,85,100,,102.4691358,67.46567939,186.6636253,73.88059701,80.68965517,80,109.6774194,141.5929204,98.03921569,111.3053613,82.08955224,98.01587302
World,1897,86.7803838,80.99502488,94.37979594,72.98581412,78.85332951,,58.92672345,85.32338308,67.58626605,94.40298507,86.08752644,122.8161847,,,68.49902927,92.87426818,,66.98507463,62.25549272,46.21696104,95.653515,,,72.47923836,,96.0070338,101.2437811,,92.18183772,71.84795405,95.4549031,73.2884087,64.9356665,80.99502488,91.44599583,151.4923539,87.34757585,110.4477612,111.8214896,89.59271105
World,1898,86.7803838,87.2254114,89.23180707,77.16598675,77.87983161,,68.27403583,96.76616915,83.61785449,98.50746269,89.11877737,128.380221,,,72.69284739,97.47200423,,66.98507463,59.74011928,53.67130959,106.0603079,,,74.45338104,,109.9716933,101.2437811,,94.21296296,96.85520081,76.97976056,60.44404841,60.74626866,84.67661692,94.71192425,136.2311231,93.30309238,107.7337671,92.17717383,92.00327726
World,1899,96.42264866,91.8982013,92.66379965,80.84453866,84.69431688,,96.84558299,96.51741294,88.89923748,98.50746269,100.0312807,102.2777317,,,103.4475136,113.1043068,,64.95522388,122.6244554,91.68848722,133.5667383,,,94.47682822,,101.2437811,101.2437811,,93.74424175,87.33384209,75.44016535,66.48845326,87.27912163,92.039801,111.0415664,103.677813,97.27343674,104.075775,107.2881859,109.2790018
World,1900,100,100,100,100,100,100,100,100,100,100,100,100,100,100,100,100,100,100,100,100,100,100,100,100,100,100,100,100,100,100,100,100,100,100,100,100,100,100,100,100
World,1901,98.78640777,95.24860253,90.4146783,115.345979,99.73627707,79.02912621,88.36517382,110.1941748,129.3161242,88.79106793,108.4481522,100.4507857,99.69361305,104.0785368,98.29529508,97.88714729,111.6952243,111.3592233,88.35554484,82.25311776,91.50105175,94.83495146,70.62177236,98.5097782,108.5597967,51.98215907,98.78640777,112.2126819,85.06607335,92.90888017,77.70516402,99.36784631,98.78640777,93.59967423,92.41309114,86.98610503,79.93692538,94.48084519,100.2995475,82.93051127
World,1902,97.60191847,94.59050941,90.98483925,133.950775,105.1097583,78.33422582,89.27598744,108.6330935,152.9143491,84.85893381,97.40710426,102.8670524,98.49824598,81.91589585,66.49366568,90.9034914,111.4252045,88.01918465,95.78324918,87.4537692,108.8278174,88.49240608,75.5895709,85.63706089,82.44910921,44.93901282,97.60191847,127.7881152,73.35205909,92.37014303,68.63995422,101.3933997,106.3524353,97.60191847,107.0472654,83.36006863,63.11335867,98.9144137,104.6497594,88.91016015
World,1903,90.86820657,88.11964901,93.81047946,113.4733098,113.779421,76.66174516,112.116237,104.8065651,114.9948615,104.9157927,101.9040465,106.4803554,96.30426395,71.57092614,78.03704063,92.5918916,178.9308974,76.51582649,92.4643021,89.65830664,122.7945962,83.72207894,76.34232122,89.31512049,87.29401646,45.9976216,95.42790152,122.7013867,82.46855687,90.88573717,65.97914521,120.8715975,109.2484942,97.09803378,110.8194985,103.8977828,66.08935657,73.653054,108.1655426,93.71483465
World,1904,94.3221321,95.04968573,94.3221321,95.95777601,99.76379356,74.3811366,113.4953605,95.48088065,124.5363592,86.47679732,130.2812683,137.8376678,100.9572822,77.47889422,74.68833163,93.02578151,97.74429624,75.62920046,77.91828304,88.30366969,110.5050275,79.23059096,62.21247011,92.21994694,103.9409797,98.87828853,94.3221321,113.9551168,89.08201365,92.07736605,90.30598292,114.7521172,98.22511687,94.3221321,139.9618734,115.2175113,86.98722933,87.35851769,103.6098694,99.36858197
World,1905,95.10220903,119.7186401,95.42790152,98.73753973,97.26305348,66.79953107,97.68715272,92.37983587,125.3623988,98.43267977,114.8563366,135.8809605,102.1408377,73.27499581,91.89174517,102.8543299,117.2313484,76.51582649,87.72254302,100.0994766,129.048278,99.49949199,71.06333092,92.23912741,110.678936,140.2486117,95.42790152,128.2160558,96.45875848,91.44820145,96.10510683,108.177833,99.37664228,93.75776927,123.1327762,124.6086182,94.07655733,85.82120197,100.85706,122.7026133
World,1906,93.34862385,132.6424798,94.93080392,115.548792,99.6317043,60.15266936,110.2865314,95.87155963,112.9223127,113.1776737,108.9998901,104.516104,102.1987405,68.34452818,111.1640996,120.9075036,194.2487501,74.84862385,87.55057268,124.3411481,132.0863409,86.8764526,83.020691,107.1252041,93.49070699,142.9490746,93.34862385,148.8547601,100.2633367,91.67723501,91.2761027,116.6995156,115.2372667,103.1510744,117.4385913,126.7168285,69.92849759,73.61611205,103.5618212,118.3533063
World,1907,87.21766202,100.1829491,90.86680682,106.9867234,97.94393313,63.22722283,114.5962888,145.9934138,123.1416891,116.2942293,129.4806655,115.2537583,122.962812,59.03638074,110.3783803,108.7778263,178.8754376,80.57958288,88.79737644,114.0831492,124.0587697,87.2079034,96.1963706,116.9757148,122.1284921,187.3369111,89.35236004,187.1794301,76.11497337,106.3742231,71.07244697,113.17615,115.8499565,106.6080964,126.8227046,111.9377797,70.40772137,68.96383652,102.6476784,111.6825873
World,1908,91.25560538,96.48457671,89.70890021,103.839987,98.27526733,66.58783809,120.1304888,126.9058296,163.0086842,123.2157061,132.6029555,126.0285928,80.09283088,65.18257527,74.45707998,87.70474024,104.6618357,82.29596413,83.88714035,89.91922622,99.1362958,97.09596413,87.37238813,121.5072388,75.83799169,151.9363625,91.25560538,128.213351,69.56831645,75.50508274,70.11620369,110.5379846,107.6186794,91.25560538,108.9179806,92.3152843,82.54796747,65.22830771,111.0243251,97.77615726
World,1909,92.29024943,131.0877482,81.34055882,137.1017,94.95246817,64.46886447,113.5295201,126.7573696,160.7621689,98.06168306,132.2642696,157.4419926,62.09135115,62.6255264,73.9927856,90.18169933,113.6117575,74,75.09330854,91.74963709,116.553028,108.7794407,83.65031119,118.7732421,101.561416,172.6292435,92.29024943,133.6670279,75.34188573,65.36883882,88.70679794,127.707108,154.6657284,97.13590526,122.0612976,134.3521392,82.17975389,72.15847609,116.725961,115.3546905
World,1910,88.08054756,110.3925246,86.88418999,155.8913004,95.18082352,65.75125838,87.86007858,131.8132465,134.9930585,93.74621729,127.8983835,137.2817937,60.2722581,55.23887079,69.54951178,89.99918119,114.6598532,70.86644951,78.50095427,100.8629423,113.6270116,97.33825552,92.5192321,101.1885095,78.2929018,160.7774739,88.38219327,153.2251698,75.42492728,58.92473851,104.5013706,144.3558483,159.0879479,113.1846796,114.0415397,156.9303054,84.94703119,71.17928098,109.849203,102.5992515
World,1911,87.77890185,114.239463,82.39018017,116.1886471,94.33099474,68.91399085,84.97316961,179.1530945,136.4406846,122.6855539,142.1877201,123.0283791,54.32649325,55.23887079,67.58040013,89.39182475,112.0716511,70.86644951,69.16867299,124.9923905,119.0474709,88.14650742,74.46669901,96.0182937,86.22981109,160.7774739,88.38219327,202.0574433,75.8341041,62.07984127,144.669393,125.7326434,104.8395672,111.6378579,119.7436167,126.5785125,94.31517087,71.77588662,113.1369432,89.96877963
World,1912,86.30019606,136.8355899,86.59574468,129.4288174,95.75490998,69.85184624,101.5312522,108.2978723,156.7124202,138.6840111,109.41139,128.1198072,58.26018268,46.39057751,87.39696659,88.58192106,92.85738188,69.43404255,67.23272103,133.5349862,141.0944804,82.67007092,71.85604346,94.79628688,83.95964895,152.1877938,86.59574468,209.1454823,85.52666141,64.4364021,153.7460743,111.6213542,109.8870139,104.8346794,122.9100892,120.1614371,79.86167969,71.19501322,114.6398808,98.97091974
World,1913,83.3447099,140.2449495,89.10310734,138.2153179,96.20592949,68.37724322,145.4277901,109.375,138.3035708,106.3181971,100.5314371,113.9470948,61.19469374,45.42410714,79.97129711,84.79166667,102.7520325,71.37916667,72.67857143,125.50231,111.9755445,89.08777778,76.4929078,89.51248994,78.85495941,150.7601062,84.79166667,201.7462255,76.41718107,70.15680605,112.6859244,120.1256867,128.6494253,110.0705341,123.0846774,95.71406067,58.42424299,70.56808317,115.962345,84.79166667
World,1914,80.85038937,155.0026582,91.12312186,136.7234816,94.50464396,71.13863089,114.6555455,110.629515,153.3744997,99.2621787,136.150403,120.7273952,47.78234469,42.00206398,70.56284879,74.1980236,99.44508192,69.03611971,60.00294855,96.37628405,101.4662012,85.57220502,62.91372988,82.13339024,80.93548402,154.5399682,84.00412797,201.0638395,65.20690797,62.00349169,82.58191696,103.1386762,89.7975161,119.3902965,113.8120443,71.11124488,78.36251299,69.91265205,117.2749095,88.49854101
World,1915,171.9947299,183.8143239,106.4137925,115.9392767,90.80516506,71.57064058,94.21830782,106.7761807,159.2075305,100.0224898,139.454971,154.8833064,87.15080317,49.24831329,89.19725418,89.30850942,105.8865591,68.68172485,68.0003061,107.8754736,272.897278,109.6476386,65.08016951,68.67182179,116.2642714,142.5806846,83.57289528,208.8531361,72.35246026,83.08030593,75.93068608,97.05080776,173.4858033,124.628017,110.5318938,71.6640022,97.74679788,67.30607575,122.1590679,105.9590175
World,1916,171.5459724,182.3444976,101.1520741,144.921242,97.10092539,65.02311556,174.2224025,151.1278195,165.8797862,84.50992771,171.0263683,149.1298545,142.0090655,60.11009667,128.5287105,120.0982711,164.1907417,64.40225564,117.8443002,111.2665555,239.6552616,58.14285714,78.13149896,63.5057429,583.3848319,123.4438872,76.5037594,338.292903,89.49050868,64.66065074,86.83455903,133.0598052,240.591133,163.7651386,118.4574339,77.72958253,118.1324998,61.61289265,116.6807884,114.7691033
World,1917,141.7250137,179.9186877,92.64147496,197.2997136,137.9785191,60.4862031,209.0205966,191.8876755,274.2233362,60.52768763,219.2526024,212.6365605,99.41682216,66.89603298,106.5938992,127.7144076,127.9699132,53.45085803,137.6372322,131.2530434,133.6005668,62.81726469,84.29913367,53.23767296,452.2898724,137.6911397,63.49453978,346.1555491,88.08887541,42.33204693,71.14169238,172.5078256,281.5654419,199.3736213,143.3747672,62.68292536,103.6535449,65.19884203,134.4917166,178.0350243
World,1918,162.1513944,117.6007083,99.86561448,187.8153228,134.08673,61.57205052,215.3048909,126.2948207,226.3286692,58.67434191,160.7488874,169.8894236,55.53777765,113.8920508,82.22766578,91.6518368,171.127531,44.41965471,97.02226292,160.4439425,102.6070727,57.50969456,79.58068435,49.68488491,376.7901504,120.5442021,54.05046481,303.6291962,84.99602413,41.5056116,64.13835063,182.0027717,243.0407107,154.5510575,113.3316198,41.8478754,80.97961473,64.93295448,190.0636695,175.6782795
World,1919,175.0399495,178.2532843,104.2990467,167.8098166,112.6534015,54.15818211,196.2681721,143.3526012,197.9327102,54.86682051,136.17851,167.8215028,46.18860396,60.4954583,54.3164535,62.01796783,163.598405,37.72716763,71.01640757,99.66563475,79.44186632,74.65587669,64.07084,67.8914476,162.569395,72.05294394,47.05202312,285.8986557,97.00849211,52.09106875,102.1463933,175.9396721,213.518836,148.5957978,142.6738766,32.63442597,84.12799663,54.25212807,184.5015874,149.5694547
World,1920,97.734565,113.7101554,69.68808812,108.9159748,146.4618839,52.29082066,253.3864418,84.73053892,152.7786386,55.72749368,118.3700463,146.8051367,38.01031765,29.73873681,43.80484106,73.98741117,100.1976383,34.19361277,75.4348446,65.57635774,75.26189501,62.49873586,71.55816028,69.13155939,118.7032328,81.40450856,40.61876248,238.827812,41.0575454,32.88077981,59.29334559,119.6089869,71.71312547,89.79271391,61.58328504,30.01159442,171.519119,37.52496601,245.6679639,116.0658619
World,1921,84.43114001,49.50871847,59.01475997,71.82849946,126.3676407,62.97211125,129.8773933,53.51955307,69.38402686,71.42854199,75.70066571,95.40443144,29.48234892,20.30127694,35.1109295,47.24434174,36.39652756,38.28156425,53.3835317,45.51291461,53.51159052,71.30458101,58.05301319,75.24311506,90.67285698,81.78931715,45.47486034,180.9091407,46.52751914,21.11405048,39.79972316,87.92520082,91.2633404,55.84872709,55.74337719,12.83726366,49.81271535,36.47850495,209.1644561,69.03663239
World,1922,53.50892724,70.46854954,33.21575463,84.62069275,140.9499564,74.05959341,146.2898881,59.5110316,78.538716,84.32678091,60.74648556,93.54422282,27.75779249,22.53599114,40.11331732,63.64442997,68.44822996,36.97793679,51.25242132,52.84461444,67.75436694,50.61005764,68.57432852,58.67943156,46.83982142,80.31642664,48.53905784,251.2226216,48.16452807,26.57988443,60.92970541,118.3907332,101.7646454,63.00996585,84.55190721,14.53244274,48.02427181,54.56322602,189.9077361,108.3543488
World,1923,56.96279724,59.0886013,51.39539679,68.10710452,122.8831508,66.14365348,133.325253,63.97188049,101.9310036,78.65435993,55.20534795,78.93992558,37.04045192,23.84299941,42.47267498,79.33196824,86.85176223,34.42062097,69.01141445,68.04732176,76.50350251,62.4368678,69.80418552,51.13840057,46.45211454,77.43461269,47.68599883,294.6410105,47.83317784,21.57324769,66.67047951,148.1100741,135.4940105,63.57173893,98.44851371,24.33020446,84.75579261,68.5660487,176.2399388,120.0794212
World,1924,57.02532782,56.02126528,64.33512896,77.13858828,100.697256,59.42485079,139.1734806,86.78362573,119.2764572,85.38987082,89.78884337,98.45978808,39.30511396,24.65121136,38.28083527,88.2331979,73.50778123,28.60467836,65.04667466,79.89823583,73.08605229,56.23423002,57.32537016,47.33798112,43.68981815,78.27722784,47.60233918,299.8764305,50.83459678,21.53539989,97.48248697,143.6195354,109.3212341,68.48761413,89.06244105,21.40798331,64.25383535,69.97397111,163.8478764,119.8687555
World,1925,70.20670562,65.00855676,73.53807289,105.7913225,91.08341744,57.96719615,158.3746154,70.05134056,125.1851231,83.95397284,71.83009907,116.610638,38.62475577,21.55896015,40.26804459,95.84483335,80.78193195,30.73131774,58.83649325,89.91619865,84.78721231,53.36892945,50.78176014,42.94163662,43.11287195,70.63035091,46.4346834,293.2038439,49.58765573,26.2589374,114.9522034,113.2579918,101.1955859,75.74710273,64.40939955,58.09246826,36.7532128,67.83797746,175.2731485,115.261312
World,1926,66.23628546,57.59356275,48.21733253,104.7676525,91.09300304,63.78938785,177.661306,65.42372881,89.87689788,89.40642859,75.72989614,105.1862883,37.97273721,20.5306699,39.19963029,88.61187373,77.41985953,33.19548023,56.84317647,100.4150769,81.19632822,50.89416196,49.31554273,43.42759812,51.65854036,81.29554468,45.98870056,266.9514343,38.1819767,31.47914279,101.7308847,87.13221137,69.77595948,69.38548667,74.17532349,39.19119887,36.07598096,72.47608014,151.9539122,95.26346456
World,1927,60.93712238,83.96503899,51.42397897,88.26849637,89.66941234,58.50114844,115.3139515,79.33218192,105.66701,84.38772897,77.07509563,92.54269416,36.40072045,20.92071716,37.39673532,72.49139589,70.39708347,32.88888889,53.55703594,100.8620162,67.18675926,54.23542506,49.85362388,46.34040671,55.77838941,84.28490368,46.86240645,195.023909,42.1617021,44.07421834,103.3310361,88.7875729,112.4697755,65.78271418,78.60790759,30.59196791,43.71518427,72.7470736,148.6881605,92.05881393
World,1928,76.22497305,102.9708645,63.9901887,85.84021831,84.98585478,59.32077924,113.1438123,66.31640397,121.2669441,77.41683914,77.39617088,107.8477282,34.73114019,21.21382704,42.32609644,68.50704889,76.17893712,35.25043783,55.19284391,80.15595727,65.69493417,54.61513913,49.5410565,46.990018,52.14791357,82.04714687,47.51897256,191.5920243,42.31241847,36.20467983,133.3026652,101.3868602,112.0792318,67.53601713,75.11063405,18.31634175,36.60492834,64.90605703,147.0280683,98.43335218
World,1929,80.76603528,71.21300571,58.76412973,91.5299384,81.33054919,52.72958155,117.143846,62.93053123,115.9470383,77.26867494,81.28494907,89.06243181,34.73114019,22.9109332,53.15370251,74.27039415,78.88011903,33.34967893,56.6685884,71.77551923,70.67925132,57.52963612,53.58522438,47.38711674,55.61961933,82.53552275,47.51897256,160.91135,35.78589292,29.41927494,129.4077859,91.09434587,101.2645691,68.36767084,56.71619306,16.80209958,28.88076874,63.22897625,144.4285621,83.16238352
World,1930,74.86051787,108.2808928,53.96359644,85.39398824,79.67526485,54.08728934,104.6272305,48.50299401,104.4250417,62.44204928,43.19695937,67.94670113,35.47647733,29.5936698,39.07882449,61.5708663,69.31611717,34.20838323,52.37549745,51.6691053,50.92167976,62.26043912,51.23149446,48.47089927,56.30984606,83.65878726,48.74251497,109.7176504,24.82257707,23.79124758,77.27200708,68.79608646,74.29031592,55.59647151,55.03187174,8.617364245,21.18441634,60.54600695,143.4544478,66.15668347
World,1931,136.810095,43.46445413,99.27338804,59.5553888,79.142886,51.89432144,60.41585566,43.07288247,72.26283872,38.41359428,36.37819568,51.45311018,38.08320946,43.90301097,26.80476117,51.85875478,60.22960404,37.51017728,54.11108347,43.74167919,44.57332493,68.41234406,53.67457845,54.48950333,63.0464786,89.53632517,53.4471438,93.47182234,25.07396869,16.54174835,56.52479766,46.02305555,33.17408925,44.99623753,27.5856226,5.64829839,20.96339012,49.7029461,134.7289051,60.12568517
World,1932,110.8415493,32.07684458,84.90573197,40.7633298,75.0605361,49.59321369,92.79873359,32.35724744,47.50252696,37.66281288,33.30381696,47.70554814,42.4602694,56.39772014,20.46316183,43.36432112,90.43709491,41.82137628,58.47967043,43.89467461,39.36996024,79.29448511,35.75402635,55.77338345,64.66925619,102.8892845,65.62496532,107.6008158,23.35782586,15.60660069,77.4779312,43.3860414,42.32947948,39.73868349,28.83389222,3.529593024,14.95047592,33.00985637,115.2682688,50.02543286
World,1933,109.1112586,56.54508043,101.771853,44.92555382,80.92651947,52.27185949,74.11355553,66.97530864,65.40788443,33.73919936,78.60482738,69.63457588,44.75364815,44.8633157,27.23230523,55.62250373,104.6206239,44.08024691,63.97898934,82.16369001,58.04459328,99.15390947,94.07932755,55.28690668,58.02868444,107.1555454,102.4755254,101.5601569,42.35706257,16.44954981,70.12167171,62.80864198,55.87803321,41.885063,56.7303863,6.400160475,21.52790332,52.32940698,141.6973958,75.14486944
World,1934,85.27427376,51.01138344,103.70364,55.36004598,102.2936175,50.59322621,109.6563188,102.4645258,103.1347204,42.48019432,87.36522474,83.72958119,40.15557025,42.3370319,31.65228271,53.83626948,76.09136937,42.66467513,68.34339152,106.118286,57.95763496,115.09883,68.29358206,59.94361236,51.44619386,99.96569052,102.9369736,113.2327356,51.0349533,18.81484895,82.20182836,78.36002463,138.3533775,57.59979952,64.71367655,13.58221617,25.56215926,68.48187115,209.5116542,89.01555927
World,1935,88.42349654,56.77106094,166.1927352,106.3627359,100.9006107,49.34037137,106.9408674,55.20757465,125.9328876,54.11551467,47.09764739,86.04992999,37.16748975,47.64072417,31.67627159,55.07984841,79.31011688,41.60815732,66.28274667,99.98040512,58.84447618,112.7228939,67.10697184,60.77367866,37.35844915,95.66226948,100.3879153,100.9986519,53.43080395,17.6434568,63.86042236,79.07157589,124.7055278,80.07398483,59.28623452,12.61079955,33.09954582,63.01092514,240.9070843,79.40307017
World,1936,90.19990249,64.45756264,188.8912384,110.2245291,99.38949939,48.8775829,116.531596,112.8427128,128.3347093,52.62785512,95.18740297,94.99479142,36.81887694,47.19387755,34.35297952,63.30068068,69.02418009,41.21789322,70.03845016,91.22833234,65.99007709,113.0751323,65.97771023,55.62196564,43.71240125,95.97220183,99.44632586,127.8530301,41.1473643,23.77421906,67.5033632,79.29781291,134.8768473,80.35079652,70.09728623,16.67959769,35.90166286,64.28039909,228.3665034,96.49855014
World,1937,124.204512,80.88967671,201.0166946,111.5730226,105.7397686,39.31309767,124.7439898,75.48746518,152.6162834,53.85234408,77.61691102,98.6879608,34.84310605,43.52616395,46.11220329,77.95800969,67.08871082,39.78272981,84.49973183,103.0295684,84.69211913,105.812442,68.02228412,51.79122641,42.7080551,94.3782976,95.98371006,149.4210169,38.31502115,28.34261838,75.88776299,67.39504313,76.23187014,85.52389374,60.34234882,18.85936044,35.25278614,71.59923284,209.8718175,103.2545232
World,1938,111.9938378,57.54865905,177.0539819,89.14266491,108.3215046,40.06643595,121.9239736,52.23562811,83.08109036,50.36070714,44.74117769,65.59291882,35.33426138,44.36023522,35.68300372,62.66438516,88.31094806,40.54506742,84.32481519,81.73816856,61.07174984,117.237568,62.93402594,55.67812252,45.63682264,86.09314515,97.82300046,105.7081757,38.15769874,17.8801155,54.05825832,55.86728886,86.85641565,68.92830082,61.49866068,14.5247739,29.59939236,68.36525931,218.6972464,72.20925268
World,1939,108.6061374,67.90234963,147.2346485,73.29527329,103.6827823,40.64334647,107.8231873,58.31533477,76.53710965,49.43359588,51.35100569,64.21859482,35.84303404,42.90599609,39.67134517,67.72461255,89.48763431,41.12886969,79.71506379,98.63256128,68.74748453,111.2681545,74.56336259,53.37924928,38.35528774,85.52590202,98.02658458,109.5373088,31.65302331,16.74287231,52.68297514,60.56940283,85.27792259,71.9720817,64.27459997,17.67225622,31.26863656,60.28846065,159.3958785,86.86326847
World,1940,135.6405946,70.54925592,148.8849444,63.04904025,106.553265,40.23778207,106.747261,56.59301497,95.6145706,58.82622021,48.63829006,79.2350174,33.17877263,43.51389879,40.49332434,68.77306009,79.10086272,40.71846044,77.47816347,96.70159879,84.32307428,103.9692088,62.21561699,49.77597579,30.1131192,85.26875679,96.72094366,112.6150144,31.15810037,17.61461205,50.70151494,66.72643377,86.82773367,73.28472353,61.7616628,19.93489383,27.88175899,60.96664038,135.9690317,99.47492714
World,1941,150.695685,78.30977802,146.2664985,88.70187135,116.3676954,38.32559962,112.4731636,71.82620502,103.934035,62.64621844,59.78375903,80.80107919,27.88443216,40.45921831,40.27588347,73.21823463,81.75933415,38.78343517,73.79624125,96.15247396,95.0233745,96.96528626,62.3160145,51.25865394,33.14000048,82.92045444,94.29678852,102.548526,29.93324282,25.00036239,76.13564849,88.11245144,181.4097432,94.04771708,83.78336947,21.09174674,33.00031275,74.31235756,157.8032595,107.5661329
World,1942,175.722691,74.12381484,136.9381346,99.2766703,113.3223218,34.63411549,105.3931771,77.54601227,110.0484175,62.18042915,60.10580067,90.31484287,22.9080738,49.93865031,36.33448291,74.05003792,74.50709613,32.00613497,66.68825973,86.8598198,94.45789798,88.15836401,55.46377757,49.65937425,25.53940107,73.39390538,86.87521209,93.07493407,34.52548663,26.45771019,81.40850537,102.9341691,157.0484451,104.2473092,98.26637641,19.39736035,44.64385939,87.52137326,165.5515431,106.1350125
World,1943,175.5217108,69.83920126,138.2221104,77.72953298,121.7018675,32.6321435,99.30108599,114.566474,129.3592442,61.22073431,92.22572197,102.5944912,21.58390768,54.61395541,34.23422378,69.98804724,72.49120381,30.15606936,62.83344703,81.83902097,88.99790388,86.70119461,52.45800025,48.49389115,23.84828569,68.1843295,82.47003327,87.36641148,32.52979376,24.92836278,76.70281141,101.4429433,169.0627865,70.98977538,107.764311,18.27612564,40.56766175,74.16433218,235.1571571,99.1553898
World,1944,169.5307167,68.64876033,138.804918,66.30646444,129.8557692,32.07591378,97.60845384,114.7727273,136.5479069,60.17719907,100.6237525,109.2529326,21.21600017,57.8125,33.65068588,68.79506917,87.25049331,29.64204545,61.76242236,80.44403766,87.48089415,83.25,52.94148936,49.98519768,25.9760274,71.30010277,82.55598895,85.8261243,31.97530864,24.50344751,75.39537713,103.3070924,168.0948276,69.77972239,119.3548387,17.96460077,40.36667671,71.20149888,278.6132385,98.29549454
World,1945,165.9177095,67.12323232,131.0784626,68.03405985,133.0576923,31.36311569,95.43937709,112.2222222,138.906253,58.83992798,122.7589266,110.5096307,20.7445335,56.52777778,32.90289286,67.26628985,96.21425507,28.98333333,62.07522429,78.65639238,85.53687428,84.656,52.34231678,51.89853534,25.32995096,72.50428229,83.63850365,83.9188771,49.40946502,23.95892645,74.77437596,113.068864,159.3693487,68.22906189,121.078853,17.56538742,46.97988015,69.61924335,265.6929249,95.29934687
World,1946,176.0162928,73.01076269,131.0307245,59.84792183,137.7922998,28.89130412,104.8247626,141.2487206,160.6005026,62.52470921,161.3109503,116.1363814,17.83530297,38.68255593,35.56014065,77.31200019,88.38584846,29.23643808,63.9103098,75.99559749,83.35607001,76.539884,53.35786929,52.44961153,21.36802469,65.07745989,77.97044902,128.1477697,55.73704462,28.5148837,94.56912371,133.5561348,206.8541983,62.85174586,122.2867897,16.18101196,52.25654963,60.76455076,262.3459928,76.62985736
World,1947,148.7321293,100.4975448,108.7305663,54.45379062,145.747538,30.32423003,126.1921383,154.8791406,201.3433098,87.55829272,165.8205523,138.6628503,15.59990242,41.64215373,47.17137452,122.3180197,80.7966889,25.57206804,61.55796638,95.002697,87.71584732,62.37994628,53.3373969,52.47263329,17.24790119,59.91676795,75.10223031,116.8483697,41.947401,75.69406169,114.7333367,133.0085684,215.8571296,113.7745567,118.7137205,13.19192992,61.79998614,73.63295148,230.5011666,80.81267487
World,1948,114.1028766,90.31158764,73.19752459,49.23833813,162.1941285,32.82186526,156.7078962,96.34551495,180.0567379,86.09023747,96.48642914,120.0722826,16.23031621,45.87683911,46.01755197,139.5481668,77.95965194,24.40033223,64.87845897,112.2179207,107.4442344,56.43012182,55.81253976,54.89674234,15.84722665,56.6294947,68.82363042,157.00736,36.51665231,79.88221904,111.113814,117.2097032,156.6639936,129.2793384,114.4973743,12.84423692,50.52570572,72.65862754,201.3445335,99.36539705
World,1949,91.32390295,81.06575186,65.06169513,57.74350104,160.1483632,28.40433119,158.2191254,88.88888889,120.0265844,75.06467042,81.74845278,104.1037846,17.74371393,46.31925726,40.47554087,119.9651249,85.62492396,27.36603774,71.01579489,113.4072086,95.08661718,54.4259399,64.77434319,54.37934345,16.25979214,57.17560722,65.8409731,135.0241915,38.6069053,43.88085939,136.5302963,114.3424607,102.1545579,96.39607839,114.5005748,10.34744526,50.16973236,78.13577427,201.5685195,101.4168543
World,1950,62.41623485,92.9004329,33.78982794,52.33890426,157.3238603,32.82186526,156.7078962,98.8372093,134.5827479,62.69866843,88.38966585,106.4005876,18.29784006,44.66955387,44.34789271,102.881174,103.0315014,30.48504983,72.85703968,108.0242462,107.5734052,55.43853821,70.77260197,54.23760478,21.45549841,61.84079789,67.33813028,139.0800056,41.73331693,64.58922327,209.55456,134.6588476,201.8913965,86.58063947,118.8591791,23.98747207,59.48442422,68.94115925,207.2620804,120.2593783
World,1951,57.63766825,102.3160007,36.5256865,44.23171307,148.2185669,30.4214979,145.2473495,96.99769053,148.9324793,61.3867043,95.05853574,108.5262496,18.20529452,44.75970527,46.83327217,125.4725789,99.26495442,33.89530408,72.00474326,133.1797875,129.3020145,51.88545035,71.99646209,52.01676685,19.69563287,63.11440455,60.38608278,152.0008694,42.54934945,66.20722997,206.4614008,138.9184237,149.7443657,126.9722357,105.1131143,31.95510149,62.77309289,80.18800881,227.0698046,151.3542895
World,1952,59.95796456,52.26411003,34.54264227,39.21676665,144.4492811,34.02100685,142.1290448,103.2015066,143.0298805,65.01820591,105.2569062,101.7955095,18.18917482,51.46354587,45.82781209,115.5525101,111.7483907,35.11864407,71.98231393,123.5409151,113.9671581,53.3877715,81.01839163,51.41123411,20.11276504,62.07450504,56.62372663,153.7401956,39.41212713,64.60171335,200.9690052,120.7778587,147.1638418,74.23321934,107.8014701,20.4173437,45.17580398,65.43950422,221.9265083,90.50973405
World,1953,66.88348059,51.28654772,45.36544795,53.01552313,143.9520885,37.98747471,149.0711382,87.47663551,127.5282971,72.12920845,78.35245397,88.8884515,19.4489224,59.77303071,54.13060709,93.93756959,126.9119015,36.51588785,76.54728043,97.54758534,75.64453841,53.80007477,88.18198449,51.87558201,20.10133857,75.99658057,52.43405119,148.2775972,40.05665167,67.19824891,216.0973767,109.0569164,110.5969707,65.13873175,108.9586976,12.73185756,36.66624955,77.72775692,232.3193521,94.01030965
World,1954,64.18286811,41.17784993,37.3750058,52.53268964,131.6562243,42.0041728,154.0402034,81.10119048,126.3845246,64.87828281,73.13795029,91.95022747,20.18866061,45.96487032,55.53322225,97.3642055,116.2653799,37.16517857,79.37463029,93.02122248,74.24304456,54.83194444,87.11119554,52.72082476,19.26664311,75.31780698,51.62496292,138.333686,39.8629253,104.1878412,287.46804,107.691762,125.9344212,66.4136815,119.1772273,12.35952242,34.88399896,111.7132687,235.5692209,92.26588559
World,1955,76.04141443,39.58992464,46.42892194,41.63761193,131.2746221,42.16102184,154.6154095,68.70799104,111.439415,58.35687328,64.31051266,90.99719783,22.03024315,46.67929158,70.38442356,105.3070635,107.5037904,40.34353996,84.39087295,96.31913218,85.79239893,59.90002489,93.25695581,53.25660769,19.56991007,79.66015964,51.68906603,137.084212,42.45094921,67.84635882,208.422742,108.2549107,93.49334295,69.32154217,114.7196993,20.54022901,34.7990444,106.3562815,232.9902618,77.13968538
World,1956,129.4020146,45.31050014,85.70903347,38.36748468,138.520001,45.69460565,152.3399804,72.84768212,114.3237612,55.62914877,69.34181673,95.21649912,21.9805626,51.34027121,77.3582054,109.7202611,123.7378595,38.933039,89.47344366,101.586787,92.66065571,61.5740986,97.87421915,52.72216113,18.7804848,74.17868922,50.96459554,163.9779093,42.24216245,48.66629875,212.5298467,103.330228,110.2930654,78.80230725,108.2010017,17.66877429,36.82698961,101.3479621,227.5298963,73.32689445
World,1957,110.139368,42.92071694,79.57545789,50.50860289,140.9464659,44.12004907,159.8262921,63.01953819,96.01616901,53.58240913,62.33501026,91.11047479,22.46111951,57.8330373,52.83081501,97.00775868,151.4917172,42.84902309,94.2929956,93.10151088,67.56763911,65.08144464,99.66970258,50.58422362,17.25308266,65.08445616,49.31336635,138.7363656,40.07258294,52.66845445,198.3906528,97.19966922,101.9058002,77.11653344,97.01025612,15.55020996,52.72320356,89.76047654,240.253876,83.29911603
World,1958,114.6998428,43.12712184,77.45674756,56.57204683,131.2639534,46.84946743,155.2747251,62.2406639,92.08095974,55.10260082,57.30447818,81.83791006,21.34658931,56.29322268,44.78400023,77.99914581,131.8708977,41.70816044,93.53066502,89.55686441,53.18494195,65.45025357,99.05211736,49.39413003,15.76552964,67.69071998,48.00038944,99.50629864,38.65815447,74.21978442,164.8933728,95.87077094,85.02217771,71.1054406,96.24325168,13.64131384,34.80970038,90.46590772,236.4438533,59.56262844
World,1959,259.8091265,66.30377853,125.5305577,41.16141608,128.0450521,50.33586469,149.6747644,58.98491084,89.134256,49.80954234,55.71846704,77.55977966,21.08560024,67.29497354,53.75979775,77.99744015,123.0107599,41.3648834,98.48256354,95.28459344,65.92067378,66.17704618,100.7314012,48.20979534,16.0181688,66.2729076,47.5996974,110.3994516,39.37386747,60.81560381,125.5804942,92.12427063,74.69656118,71.49731819,86.44630293,17.61489004,29.29513988,89.02397785,236.4524708,60.61504358
World,1960,270.7812035,49.2091748,172.2075237,47.39642636,123.9511786,53.36600375,147.2263803,56.71843349,82.64720878,46.28255691,48.38048414,77.22019048,21.85069769,42.20362689,54.40245628,75.15024913,112.7534275,40.72248481,96.95312467,93.24139236,70.35750509,64.41647535,97.6467884,51.36530669,15.35111925,64.39636561,47.40336418,121.2399905,38.76238944,46.45743324,122.7944132,86.730686,114.8534308,68.46309541,88.64977892,18.10326001,30.49122367,88.60402632,238.7336606,57.17801527
World,1961,248.2001882,52.78035933,139.4299258,51.04670133,119.8425524,56.60455372,145.7501799,57.80561566,80.47043961,50.19820281,54.84618997,80.89519987,21.21550048,34.00735294,50.27778304,67.6735701,121.2747257,42.54010695,95.9810011,103.1091558,60.71163658,68.92156863,105.6977472,50.8496553,16.10820127,63.75068013,46.57159187,120.4450652,43.3698711,37.36680589,117.8808157,88.17524773,95.87728195,68.98468381,95.65939279,13.81188572,27.10425798,81.07681158,212.7068992,57.52401805
World,1962,256.9901485,53.50740561,130.8287849,49.69539521,115.9200067,59.699784,144.1125375,62.54003877,79.58092507,55.50912043,50.84728098,79.7213585,19.66108498,60.04508545,50.84216725,59.27886622,102.153867,43.04031725,94.90256288,103.1549445,52.1660322,81.77660278,100.9615953,44.47779666,17.07364183,59.44031481,46.03421692,119.0917499,49.77366935,35.35718062,108.3632597,84.21970933,88.86341363,64.57214575,95.45231648,12.80103511,27.80648949,81.9542861,189.0200556,59.90762215
World,1963,236.9752261,39.04994199,156.8379779,40.89501697,112.0114186,58.99789236,142.4182033,65.27588861,87.25820184,51.44480138,57.30667991,76.04834093,18.37305253,55.06671643,50.24441479,67.76826735,86.10902135,42.05094709,94.77749695,103.721827,58.56185265,86.48639234,104.2995122,43.95399987,16.95383187,53.55036676,45.34883993,114.0703964,53.04479038,42.14201543,103.6357419,82.75100314,92.95209352,65.63009844,96.04517393,11.70224808,81.62938949,79.32043309,178.6485266,62.95554205
World,1964,295.0972287,35.38717614,171.4988317,39.98852295,112.0386561,54.57970504,139.3534622,67.54551065,85.89099426,48.84549714,54.45506023,63.92305556,19.0128879,58.08664426,51.78430149,81.64087007,89.32203822,41.4953271,96.6209819,138.2813366,88.76208031,87.44226018,105.6004827,47.14567308,16.49025272,53.38201701,44.8480015,123.0641492,52.34390852,38.07672978,128.1606187,82.26052398,85.21097492,69.73070848,94.77612716,10.86380489,55.53346651,76.14498845,195.2720582,65.44780783
World,1965,304.1963223,48.26566261,129.22187,53.30549255,109.9101559,57.24066742,135.8501419,64.30189969,87.56643419,47.47353449,50.29725087,58.12785821,19.3245115,59.87461525,55.78957606,94.43537847,85.64175683,40.79847909,94.9983862,153.7330369,83.77271937,77.72032108,101.5222609,51.91654135,16.7629294,58.58235736,44.16399988,134.0719159,51.46487584,27.04177948,124.8342932,79.33286991,83.06848477,78.02800794,94.84852202,10.99385178,19.11156525,80.7832053,163.2396539,57.53072987
World,1966,342.9748286,58.05765127,128.0292141,53.80261749,109.5042903,55.65358792,133.0258787,66.54312261,89.84948247,56.12271457,53.05716355,61.74191108,18.78871173,54.18427075,56.0238864,86.76581042,87.27539599,39.66728281,91.74138835,137.6193165,73.35291241,76.23413432,101.3751786,46.87114828,15.76378749,65.20540103,42.9091595,132.4209743,50.03793843,37.25515733,112.6827781,75.30444743,113.9707226,65.59745289,91.40977481,9.983992623,16.72910597,68.65494462,198.3239579,60.41080968
World,1967,339.4462743,38.19163798,133.0029921,45.94674129,108.2894932,54.08728934,133.4216994,65.51530267,82.052342,72.76086566,52.05039024,52.22240274,18.63267887,57.4465355,57.54798358,78.07720035,83.31389753,42.98203593,89.6135679,125.0734974,68.96032162,83.83712575,99.97400943,42.04780014,12.64931325,80.40260691,44.84865537,142.4589342,77.47652842,41.83618931,101.903924,79.49929372,92.77885608,60.45357515,89.62333398,8.027395446,17.17721867,63.80749141,158.3936694,52.87730769
World,1968,339.5822942,34.41047673,145.3166767,45.82399658,105.2769808,51.91136391,129.5308964,60.2771963,69.56155879,64.67254073,46.68823273,44.18036811,18.31192627,57.64162562,60.462495,70.70890971,71.88479022,44.44252874,89.20468337,115.9068196,63.95155021,78.59310345,97.34556126,38.67462605,9.968683847,93.75553744,49.32966411,145.1011126,70.7138676,48.39476919,98.12027987,77.20142569,81.46452636,43.83883434,89.79050797,7.546300228,16.43718318,54.83659832,140.9119551,50.42072769
World,1969,363.1444063,42.3870527,144.8503358,57.34111798,106.710613,52.34313282,127.4300172,58.1208182,71.39935076,55.50197699,44.7504228,43.55238114,18.46446601,54.70216993,65.16748758,75.68709526,61.88700735,46.81756204,90.44643598,122.1353403,66.11894142,77.18978275,96.34868784,35.90476485,8.007491224,60.68513065,42.86741404,146.1363437,61.90085413,57.19276067,94.16107445,67.10755197,62.91979726,44.63011334,88.07586407,9.4120265,26.25970109,50.47616159,123.5021834,48.40425854
World,1970,365.6845906,35.37933934,144.6966198,55.50604099,126.4375686,49.41870959,121.9801381,56.57163702,75.96919729,40.48637252,41.41356833,46.72360407,18.39413109,47.90348683,74.69125824,74.91118841,61.13657738,54.10916581,90.86041796,122.1206947,64.4669823,68.12674219,92.74930429,33.14533985,11.22851898,49.10968974,40.73855609,147.2315153,52.87957241,40.60104705,116.2673981,68.33921739,81.66305622,60.50024816,86.53533105,7.204607705,28.88417278,54.79220132,112.7860446,38.32300023
World,1971,361.7830924,38.04043385,133.3787606,44.29310771,137.1962037,50.1685978,123.5965577,58.40497558,71.66667548,35.37898018,36.0565465,45.52946977,17.82037578,67.45777057,63.83047874,63.45553365,63.24489988,53.52258702,98.47212022,112.4748577,64.76547067,65.69334321,93.20104834,32.50092937,12.11133392,35.5203935,50.01335178,131.0853285,43.22648576,31.02649482,96.43032393,75.88063792,78.71228049,58.20598814,88.15346271,5.641726802,33.3701888,53.52403358,104.7867362,23.82823853
World,1972,385.172843,75.34171096,173.0767609,62.50890127,144.9101955,51.26014608,121.1009711,59.88815682,66.88305382,39.39186161,37.30908553,51.04378863,15.70323291,68.42379246,60.81344606,66.89694021,72.96979185,54.63799283,86.13756614,115.4573567,76.44155551,67.42811629,100.1489616,32.15952411,11.66432992,33.58345582,79.94244193,131.0990753,59.31176896,35.95034703,104.4207117,77.55792988,66.39970337,46.91021884,90.35032952,5.44835677,52.24173306,47.64000511,104.4469181,40.187946
World,1973,492.6341013,82.19806319,212.2234065,89.64361875,152.7429582,55.8820869,148.9769285,95.69769323,106.1680133,73.37143738,69.81492583,105.7651667,14.00070808,68.99967861,66.58799762,68.26449104,77.02280983,56.10348706,95.31709157,139.3604963,160.2099795,61.0423697,99.74582964,36.20254479,11.12141804,33.12473916,120.7587586,147.7616833,88.65273785,59.44338354,121.6914352,122.7843992,118.9694736,76.74953743,95.69868283,10.48287988,64.0085132,45.19828495,103.3181814,81.75938937
World,1974,349.2756333,50.96125531,195.7026145,69.86840011,252.985147,68.6644333,365.3878546,109.7260032,142.4331733,120.7089288,82.67025649,109.4392368,17.20755773,94.58674814,78.12279836,85.07388746,113.8599121,57.60389215,110.4857261,218.7122674,212.364368,110.4474627,108.8371411,129.3481577,14.34115165,48.16358318,135.4270266,161.8347998,111.8154255,73.9272361,115.8870273,116.0614014,143.8500379,122.5564298,95.28063143,10.47111668,181.0739026,56.51231418,122.3178197,51.8614767
World,1975,268.4151549,46.04938858,186.110848,88.81111858,286.5204012,92.27187084,345.6209392,91.31540884,112.7032912,74.17421848,71.21863257,74.79922278,18.40165241,158.4781628,59.33551282,74.48793026,137.8684909,62.67459138,107.3345916,171.8458924,117.2477957,81.84348687,124.811103,146.0005951,17.98156102,69.76745074,95.83574451,136.17156,95.30954772,54.0661784,105.4913328,89.1451157,90.66510064,72.86859645,95.59027944,7.159854288,114.289677,54.06894604,139.2879088,40.55114219
World,1976,302.360858,62.7957111,186.5175538,73.19390598,275.302031,115.0091071,343.436664,81.68170993,100.0363097,49.06940208,70.48004448,62.89733016,19.41085469,128.406468,60.76746613,75.56908193,151.9772439,64.46083597,100.5142168,181.6158387,105.9207454,90.73035944,137.4825311,73.65089036,18.05355206,67.144478,94.56208611,127.6367844,95.90065566,83.93590533,217.6461811,120.4543061,85.72899576,64.51579691,92.23064459,9.338802421,61.0480537,53.13726124,156.3529641,46.49012089
World,1977,270.6614502,64.93956699,190.2771252,65.8028507,264.8054201,147.164991,347.8557542,65.8601668,77.88315309,49.42440401,55.22168005,49.43689061,21.06931068,119.4322012,54.59095647,94.3500884,155.66352,61.04603201,105.7726776,240.1464055,82.34099671,90.60859044,142.8736919,59.21532165,16.73962106,61.28444405,113.8019715,119.4169162,97.53422509,146.0882367,335.8690379,105.456931,56.67489862,79.02027712,90.97827996,9.237658232,40.27116755,82.18782268,151.4002997,43.96345705
World,1978,357.0211346,77.64845843,228.1424895,71.84028206,270.5891856,157.5369013,322.7989531,70.24589599,76.34017765,62.13105788,49.57457058,57.22132183,20.26713239,102.5211372,50.50072722,96.10632109,155.1207407,51.05795768,108.6065129,262.828611,77.02873212,87.53224982,147.1145126,52.03858934,16.4321484,57.97879767,147.8991923,156.8844052,114.2150405,121.9029015,216.786169,96.68643042,84.54744345,83.17602114,84.95019339,10.38599858,36.03900066,55.08105602,141.5784015,42.34960955
World,1979,432.764676,107.3488695,221.55963,55.50048844,293.3454691,183.5889699,433.6743335,74.94769391,77.95318208,50.66109888,46.1207941,64.59328117,20.37520305,117.375342,63.91650959,135.1416414,154.1577877,59.75471958,97.60668004,267.2075382,86.42088497,76.2739424,147.011103,53.21910526,17.75559587,64.32631017,290.2545956,209.2371719,377.2326676,106.0047457,207.6452027,92.33917148,77.85281737,81.41349752,74.53715434,11.95236884,40.02835786,52.87122647,131.5261665,43.6667807
World,1980,364.8322413,59.37283614,237.0309366,47.69444524,276.0129438,217.9199736,602.3295826,79.15875188,79.67588523,57.88770137,52.06775088,60.26115503,20.97142893,112.5732667,62.48197106,95.9355861,150.899466,55.96261228,99.42412001,279.6044659,78.19500172,66.66407704,145.0620632,66.35618545,19.40112697,90.48310202,248.4122865,229.8683948,249.968941,73.83241708,165.7147615,98.23224327,70.35559517,64.02479301,80.00454229,11.88422079,104.5859429,51.33645046,112.4747801,40.05629256
World,1981,296.3238207,48.8699211,204.2457223,51.70809302,270.1195513,245.8553708,587.8521133,73.08805838,72.10863391,58.39048791,53.60443745,47.56905778,20.80515404,113.1781119,46.30911138,74.85276762,139.4295239,48.58462554,94.24559059,216.3260902,78.74424266,67.55731515,142.8501232,63.709712,21.25575045,102.1238907,162.3667151,225.4501576,116.4857515,53.42873082,124.2436375,80.7608115,45.52869499,56.71028009,73.70298294,8.486438118,56.1188058,41.20917397,103.9507947,33.05239502
World,1982,269.6581817,42.56923714,167.0355643,71.46117214,259.6979201,287.8256503,505.20613,55.03663613,52.57322637,33.43088239,40.40830257,38.77503819,19.60427623,102.1265729,37.97136283,46.08851803,161.759668,36.88497409,90.27271264,184.4633729,65.33518386,73.33029361,138.9121376,51.39168676,18.74496258,93.62848729,175.6813125,212.4371278,137.8015096,42.01836802,126.0105139,64.96368514,40.88190955,41.67738831,45.70394968,6.108193418,26.24190736,40.76163028,108.1719765,27.27193071
World,1983,266.7610187,48.27000024,131.4778938,55.91774921,243.4756199,293.6041072,446.2756476,59.33149501,67.19791695,30.56406356,35.39868055,40.48171414,19.41986346,94.71564831,39.29091435,37.97000765,128.148515,34.69678715,102.7931602,176.2257818,64.97242313,62.54832664,161.0193967,43.3781754,16.7932002,73.24343623,151.8870394,205.8251288,115.0356674,49.72352277,115.11723,73.05426094,79.21896127,45.49180014,51.65721736,7.342958209,25.57351251,53.66451053,108.5898507,24.68707375
World,1984,238.2449529,60.35220289,125.3876742,52.13047567,229.7980065,289.0598613,413.7567033,63.16005155,62.82137683,26.69732066,27.99137048,39.11513156,19.41542812,101.2883267,32.30577182,42.89548312,136.423152,33.97305101,107.4439709,163.4582254,75.11138947,62.257812,133.019065,43.08498646,16.09819769,75.92900518,121.6576962,197.3068608,80.93186706,53.87439891,120.8680078,67.42278903,47.34556392,63.38684811,42.91476161,6.334445564,15.05458863,67.25221095,109.1810413,23.31794976
World,1985,218.0083619,50.66228921,116.2609375,50.02179368,222.9826907,263.3802169,379.9130384,45.56618668,49.39893094,22.21941458,30.65282075,34.29437355,18.74779723,103.0738848,30.63770972,30.91511855,128.5445102,34.24907063,113.2408968,149.8134265,61.63048867,58.50309789,124.2600649,36.89004085,14.62347156,82.41479042,125.4834257,119.6278523,68.73927211,48.94868381,118.2539367,48.08582016,28.29053846,42.03882727,33.472398,4.845961124,11.34217224,41.44043622,98.82386047,21.5131041
World,1986,207.8707708,62.1629294,133.2333448,53.9729957,205.1159862,199.8540146,193.7523851,36.17310927,37.02018253,19.63171962,22.08830514,30.69318203,20.92310355,90.18508863,29.63076425,32.24666712,120.0907473,26.19708029,111.1744571,90.98860825,58.23545655,54.46472019,108.0866594,36.55056041,12.43486762,80.14756078,153.224694,183.9608544,61.47911598,44.11558483,154.2506865,37.82570093,34.66231112,21.18893101,48.31775947,5.057473281,16.6001163,38.59360098,98.77983743,22.83749311
World,1987,228.7139487,74.86701063,129.089739,49.87256866,193.4334385,165.9815595,246.14889,40.3600845,30.15275395,20.75545504,23.31288128,30.06909297,16.34651262,84.19454225,37.01522672,45.84252817,121.7635647,31.52816901,76.19455866,80.55932878,59.47057969,44.52159624,90.25471981,31.93682041,13.52391365,66.13168218,157.7916428,211.371727,75.08286602,41.01159805,86.84512289,56.95260511,35.37114224,27.25049384,35.58691143,5.956908054,17.88684426,37.04713955,98.3969789,27.56889438
World,1988,231.6981539,78.92501327,138.1960856,31.38325348,182.2561696,161.2960236,199.0311391,49.55996653,42.57045011,25.77145038,34.6100698,34.88008134,25.58676113,129.0152156,51.8800644,48.37201271,144.5053653,86.32290786,73.72298032,81.8471088,88.75116242,43.85370527,82.86253844,35.6144277,17.17584605,60.81703892,129.2329803,193.5373403,64.85801947,31.29302802,100.9968909,46.42775272,46.11123409,33.39248759,42.15878973,6.883869419,25.90604703,33.99775957,84.93241591,30.34667933
World,1989,225.6126477,77.32937356,126.9347229,24.68510541,172.2438345,153.8816096,231.9279486,50.51142308,41.68593565,26.58211651,26.99182281,36.42405119,18.6691375,145.3571429,54.18868458,47.34419254,171.9659934,79.37096774,79.91584853,94.50431232,127.5277035,46.9144086,87.43376802,38.53920106,17.18564344,58.42621755,121.715085,176.9576478,56.15295201,23.38161167,75.82383628,52.9922885,46.74108008,25.53580461,35.1381684,5.375546426,31.02876589,37.50876806,104.0007033,26.1095228
World,1990,213.5618707,75.1678151,137.8401101,36.83331693,163.5931171,147.7209948,278.8305973,50.97551309,39.84066255,22.77252762,25.98109061,27.60665639,14.87971738,99.20319161,48.03738689,54.12776636,184.923942,50.16373374,79.02987734,63.93214522,106.6459255,45.1737822,81.89161471,36.26509829,12.51288286,51.27061101,111.9353235,155.0384973,39.09801921,22.64119975,59.42843473,54.62751833,43.22707694,20.03246233,54.05267459,4.546726631,28.87630255,40.12300783,105.6660435,20.16934576
World,1991,212.9431409,62.13782158,116.0700243,31.28664924,157.330325,135.9528892,227.7730681,47.91431048,37.4885371,23.70989314,26.24413435,26.97117626,11.34468209,96.05097546,40.50840189,35.73795394,208.1845192,44.33480176,76.46956887,56.40670562,76.05085662,48.449535,76.55012966,36.5191451,14.82755461,43.91779214,101.1251945,117.9564581,36.05271387,20.49862257,54.17144261,48.33728199,25.21073323,22.49101568,48.43932802,4.166751335,19.7896799,31.32628259,104.623878,14.80880413
World,1992,190.515273,57.59880588,128.1566811,19.27553489,148.7879326,140.0274816,215.2954459,46.74483477,34.84624961,20.97918777,27.5616977,29.00107443,10.60802348,90.96476937,38.35515289,33.63676803,163.8421039,36.92088382,62.99154872,59.7105366,83.50833181,44.24880019,70.60978754,34.82629171,15.10071373,28.6813091,99.06236239,111.8049636,33.2174001,18.30950388,39.63422025,35.7598473,37.49208146,25.34390567,30.35803891,4.220432523,19.40581944,29.1431961,99.80998397,14.90427261
World,1993,197.2590415,58.99560747,136.4380781,21.37788698,141.0647988,159.3984233,188.1648583,41.17588702,33.72299106,18.05470615,28.67206763,26.09137292,9.353267611,69.30869995,31.23163513,24.53328022,147.1095131,27.09065744,64.51958993,49.04317297,62.08486434,41.76092272,61.84554222,26.72737228,13.63290199,18.46861809,103.5016369,112.873586,43.18800461,18.05796666,42.52372992,34.77387822,40.10999259,23.6223502,40.28337321,3.953653174,20.86039597,28.48328087,75.94104516,13.56054127
World,1994,171.415375,62.39957431,136.1410361,18.22414331,135.070847,140.9435564,172.7875777,40.8631649,34.08037209,19.99380564,29.60071759,26.98661558,11.82385318,68.06872952,36.7287683,32.24370988,142.7254819,31.65721997,64.64866179,50.62363989,63.02454702,37.4959964,58.89912999,26.06001006,13.29253939,16.9914271,102.1808985,118.8769865,40.42299778,22.00591984,87.90006075,46.68412429,33.52165373,32.21920211,34.33811829,5.220719783,24.57441566,25.66292207,72.57052271,16.52435418
World,1995,136.2644543,61.60544467,116.625074,19.72817412,130.7346444,114.8334551,177.5317574,56.89160125,38.46351019,23.147459,30.91716829,33.83003455,14.05846085,115.4082302,45.44033873,36.11762067,138.1004475,39.96194226,62.86700575,55.98546272,63.13472405,33.47156605,62.95806109,26.87764689,12.35713116,24.42792672,100.767807,119.7602142,42.43292505,21.95834515,86.11549634,54.80078571,35.15452107,37.2506631,31.82216305,7.125263269,26.20647669,24.89637023,70.61807715,19.99213929
World,1996,123.9039731,59.28410973,142.3963184,28.2228215,125.047519,156.1559336,202.9359865,63.57725521,50.69707716,23.69342727,38.31470265,33.22091809,11.38661202,86.52872621,34.5035188,43.04874139,145.5605352,35.37284895,61.06393676,53.95321488,61.35123511,37.21538135,63.80158117,29.09044959,11.52892855,18.18205638,88.38287457,108.6750605,37.86932779,21.67314017,67.62809534,44.35963578,40.04425647,30.57664937,32.67873016,6.104946696,22.91545707,26.97466671,79.28166057,16.75227444
World,1997,125.8871727,58.57215593,143.3779362,21.73475822,119.6686728,163.2054469,186.5028294,50.50298152,35.23268678,20.72328147,37.96146026,24.22630236,11.82366238,92.376502,33.46369893,33.92371063,139.0118807,31.95140187,62.21435344,48.30906816,76.18862172,33.27003115,64.52866706,29.89640231,11.19314168,18.81671165,73.54855086,106.4593306,46.52926811,23.56204359,102.2740655,42.73496919,34.59419922,30.73063221,32.82309513,4.356962657,21.30295867,32.71483706,89.58209359,16.90786038
World,1998,115.2864777,50.11978962,114.4233795,13.39960935,118.9331683,135.7657327,131.523779,43.49689767,28.52502841,20.60473602,24.81980824,18.58730266,9.881749055,81.06113059,23.93832328,28.29099192,127.3952123,21.0196319,58.15836604,46.6717432,58.3229814,30.22952965,66.30152722,30.87374588,13.22576127,14.93540312,70.35885514,98.70502992,42.76382262,24.02693713,72.03431461,34.78689099,39.14327498,37.20277421,32.33046387,3.042364301,16.46338757,31.99341054,83.32698613,12.64782759
World,1999,120.4880479,46.13235063,106.2396007,12.76175129,111.9182693,148.4194503,173.614941,37.99623916,24.37017672,16.4331447,22.13795698,15.12453347,9.69399782,61.85967244,22.27130642,26.31700177,112.8319297,26.69507803,49.5978497,44.53578084,60.56333691,28.14309724,55.72067125,30.90917761,12.04755875,18.98140551,66.15066927,98.07204605,39.34399686,15.92042651,54.14894805,27.58863735,23.68009767,23.64819348,26.70487641,2.592569171,11.30680043,28.13634745,74.31883332,10.17040505
World,2000,122.1826354,49.6262315,103.1187383,16.48445044,109.3197917,241.2883605,256.0258592,37.38788226,22.71141095,13.00765433,24.53165678,14.57596292,10.67452428,64.23739008,24.84318472,22.99532988,118.7525839,37.12891986,58.33782048,43.34359434,61.3091033,29.11869919,51.89710134,29.73403531,11.15212392,11.99983766,64.02925065,136.5836038,36.11387491,12.28875415,43.90475939,29.67894137,28.84964624,16.28040186,26.12073928,2.670114155,14.28730509,27.76651862,70.36591001,10.00002333
World,2001,130.9291214,50.88564801,111.4975403,16.60871679,111.6208937,255.013476,212.4336369,44.21515303,22.53805281,10.72354877,26.23820682,15.60648692,9.67228117,70.0931677,21.02302059,23.45350484,104.9519087,24.86166008,41.51617831,34.7691728,46.87940058,28.55817805,47.91859389,27.6006631,10.56373314,4.723816333,60.4576131,129.145362,30.99789127,14.09819379,30.53569451,23.4486816,25.43880106,14.57563498,25.07385767,2.126063569,14.66481629,22.99980983,69.07194214,11.50396444
World,2002,127.4062795,48.62766868,124.5244116,12.57791706,115.1264727,185.1452411,211.121339,50.49174408,25.01785792,11.72543408,29.98427825,18.51230488,8.903583381,63.8650134,20.44920719,21.95011806,91.99049893,27.84769316,46.56027552,30.99254816,40.53377089,24.61456365,49.86836659,26.27125704,11.2946225,5.487346802,68.01242794,129.5600781,32.11654795,23.08759367,29.69902842,22.23614217,27.88557017,19.60190256,22.23723559,3.052669891,11.51222791,21.33637026,62.10967399,19.26991878
World,2003,117.1655816,39.55014451,143.1393371,13.89540936,113.2389786,299.4495742,245.7718536,47.4516528,25.64381198,11.92046675,25.87238566,18.31211683,9.230015536,72.85256887,22.8099107,24.4169994,114.3831968,38.72934783,59.09504218,36.52874977,42.1269841,23.00434783,58.35800185,24.16992663,11.17761895,13.04895214,78.01522532,162.4291164,33.28721484,22.23056692,30.29533734,29.84386127,33.08762976,21.76794337,28.2615963,3.987595429,11.58761006,21.0083881,58.54909638,21.9494765
World,2004,144.8425245,37.87573485,165.0987017,17.99815023,126.1061304,326.3490747,319.0800069,43.68250574,27.29313652,14.30779164,27.69558818,18.45752803,10.77606157,106.189972,35.78957885,40.93988802,202.743888,54.06034939,90.33173422,61.87879177,51.94111975,25.85494971,67.47958506,25.38867686,11.93708992,14.43767318,85.68235125,193.460771,44.36238555,19.1677,36.98594511,28.37596438,26.81481771,22.54668382,27.46736772,4.667605272,11.40864603,22.74315705,59.05872666,17.9478935
World,2005,145.9163817,35.86185445,154.1181519,16.59408853,146.8792286,423.7633881,420.3162967,40.58152517,21.50000294,16.20531945,27.45354146,16.8025158,11.53329115,112.385707,44.43667439,43.61000239,128.0946469,55.69892473,110.1200355,51.88570529,66.17813047,27.45287592,77.68343302,25.16846308,16.93823108,13.1935005,89.95806766,198.5345608,47.05920616,18.39926788,51.06340648,24.45665816,25.18793698,19.52910939,24.23165117,5.187236064,15.22142898,21.49513185,58.15393593,16.65080065
World,2006,137.5919434,36.50244762,135.7603044,15.16987683,152.0329733,357.8755523,476.4947706,48.21906577,24.05142734,16.55549037,26.75680385,19.52323567,15.12569423,101.6634779,78.65854329,55.80564055,139.4288643,88.82936508,101.0641116,59.80608479,151.6753704,30.25582011,92.43752111,25.66388919,18.31406586,13.65264931,118.2480888,244.9640291,71.93832672,18.44754368,49.27099446,24.65776935,28.50788164,21.44102342,23.95028941,7.053910494,22.04978156,23.66795518,59.96249094,16.43377809
World,2007,136.708896,37.07599215,134.7395737,14.70189027,153.3881737,340.3444116,507.0193077,69.30449407,33.79663963,17.62873187,39.25918781,27.13167884,15.09771097,140.912442,80.98752625,108.5445593,201.6587625,132.7674351,90.07739855,96.26960629,146.7334091,32.66364426,99.23386195,40.03514821,17.92656978,13.2746894,132.4895169,271.6982567,81.08476326,21.99729508,51.73622625,26.40952154,36.41011674,34.00456009,32.43902524,7.597305523,14.61553757,25.02901875,65.09374526,22.608162
World,2008,158.7151974,31.66468514,144.4189122,14.3770574,186.0584486,417.9612241,672.6981094,77.63517355,45.6631257,35.76266585,47.69355854,36.38041232,14.17912232,235.6230509,76.21445431,84.70580428,388.4062036,72.52206224,139.321079,118.0502248,81.95843217,26.61662796,120.1802532,187.8587769,30.61446242,10.25820708,159.9884764,315.9656441,87.45425132,27.96421767,56.37039588,28.69163899,51.3517555,39.81061263,40.42496551,8.586927961,17.87566075,28.65390719,67.86243896,20.18793538
World,2009,133.8227596,22.26034972,135.1767923,12.44804553,201.4325974,193.1432295,418.1807203,49.85951183,35.5314687,30.20902527,37.33578801,24.12708597,9.207674528,137.5384544,56.62463554,69.90506384,224.3703789,50.35890743,108.1584787,86.87604266,72.36749969,30.15095864,150.47494,66.3643282,42.5616295,6.63,179.0401825,242.5174959,85.91498521,31.45679078,58.2138679,25.28290395,35.41520741,28.7602671,28.82620933,6.131570435,25.43487992,32.36148775,80.37054308,17.46433093
World,2010,167.3663089,35.15153689,165.2699008,16.3462918,230.3666485,231.9656654,529.5535827,60.54763099,36.34175622,26.25089141,37.47819412,22.93143494,11.82491543,176.646991,81.51245766,85.94538763,241.695454,73.97963863,111.4411888,128.49202,92.75023302,29.26607356,160.2771831,66.02550706,31.47696073,26.93,221.8347565,318.9947265,116.3241627,33.56580386,78.02552566,41.09820119,34.39681104,37.32973594,31.38151257,11.32928454,29.36061817,33.7200024,80.90337329,23.04977334
World,2011,195.6820114,38.83169889,199.9018226,18.95746208,259.3017186,198.2677626,614.5093909,76.78407384,56.19149841,26.97098898,56.05078631,32.30304952,12.65140679,167.9509224,92.23191717,93.14568103,263.1946268,75.33116891,119.5121084,159.4195567,91.377422,31.63350645,177.6878669,96.19880163,40.02277089,53.67,275.9874865,330.9329509,196.1224557,30.95085646,104.6339868,58.07687174,62.57554193,45.20985659,49.43053999,14.68044709,34.75840285,33.09217533,81.17682537,32.9452999
World,2012,196.4715823,38.58342194,179.9151064,17.26645082,208.3216091,130.5669497,596.3417688,87.24094415,60.99773075,27.79116463,54.27865468,32.32941921,10.43738174,171.0022441,81.6466238,78.34687088,214.557304,56.51350579,111.6090221,126.2742893,79.51544426,27.38508894,133.3551923,94.75472051,41.3450667,51.16,286.2741228,292.1474359,170.4316699,24.33900012,70.5194468,33.62745561,56.21683269,39.33167436,50.48001644,10.04,28.21606545,32.16940081,76.29290773,32.36804486
World,2013,190.3474175,43.29311632,164.4867984,17.78241249,206.3569693,167.0765705,611.1512786,72.32241965,55.4101712,24.48127049,55.77636783,30.63572898,9.398564461,146.2211864,74.43579227,80.18255735,175.3557928,47.70509915,102.9579309,131.5094659,76.73808826,26.28010134,138.3637423,74.38312158,33.65090468,33.6,238.4818279,275.8462671,128.2532905,24.44954284,51.98491983,33.5610251,61.27054508,33.22676595,31.50871977,8.75,22.83,31.3,80.17,29.67
World,2014,229.4920887,50.07,184.54,20.96,185.4454826,236.18,576.83,50.22,36.75,19.97,53.55846965,26.37,9.4,156.48,68.35,77.87,168.32,53.22,100.762635,128.18,86.16,26.96,98.25,54.94,26.17,41.69,212.4,255.14,102.07,30.47,74.14,30.18,44.18,31.61,29.42,6.1,21.79,29.53,86.6,26.9
World,2015,203.6673656,39.45066883,149.6822626,13.74763609,157.770794,122.7174656,299.7631744,68.49298613,32.904916,17.67001995,51.52193848,22.00942719,8.343980484,131.5444262,54.62,65.9,134.054465,37.09862256,94.55008038,93.37197823,76.46185461,23.84345117,55.60583799,58.12155308,26.49101899,27.41306018,193.1561911,192.5805362,83.27980694,30.96712084,58.71566875,25.84367952,46.15014902,23.78955658,28.12178484,4.817820503,17.08719034,29.17459997,84.78156877,23.91269766
