Entity,Year,Government Services,Trade and Transport,Financial Services,Housing and Domestic Services,Total Services
England,1270,1.468091401,4.106505513,71.13698173,84.00821726,37.00515829
England,1271,2.670865079,4.096500897,71.63847485,84.14000391,37.40991507
England,1272,2.670865079,4.20276807,72.14350333,84.2719973,37.51295439
England,1273,2.670865079,4.095135071,72.6520921,84.40419776,37.553549
England,1274,2.75930432,4.09607901,73.16426627,84.5366056,37.65089174
England,1275,2.95387065,4.408868699,73.68005109,84.66922115,37.86948237
England,1276,2.476298749,4.130738184,74.19947204,84.80204474,37.72739497
England,1277,2.140229633,4.264432036,74.72255474,84.9350767,37.74573399
England,1278,2.812367865,4.330047944,75.24932501,85.06831735,38.02601615
England,1279,2.600113686,3.952687791,75.77980884,85.20176702,37.92967503
England,1280,2.387859508,3.98493111,76.68618348,85.75157061,38.12971916
England,1281,2.06947824,4.308613908,77.60339894,86.30492206,38.38732567
England,1282,0.902080259,4.153071738,78.53158489,86.86184426,38.26916977
England,1283,0.795953169,4.110825083,79.47087252,87.42236026,38.48253755
England,1284,0.725201776,4.726515269,80.42139464,87.98649325,38.90042425
England,1285,0.654450384,4.422074061,81.3832856,88.55426657,39.05059179
England,1286,1.132022285,4.070561715,82.35668138,89.12570371,39.34204087
England,1287,1.786472669,4.236583989,83.3417196,89.7008283,39.83644622
England,1288,1.857224062,4.468119266,84.33853951,90.27966415,40.18890397
England,1289,1.57421849,4.588138168,85.34728201,90.86223521,40.41179749
England,1290,2.670865079,4.821299463,86.36808971,91.44856558,41.0552178
England,1291,3.58458208,4.544532931,85.001966,91.40021835,41.15410412
England,1292,4.638870927,4.399385026,83.6574509,91.35189669,41.33173031
England,1293,4.849728696,4.193536833,82.3342026,91.30360058,41.25683867
England,1294,4.428013158,3.897499382,81.03188474,91.25533,40.97968104
England,1295,6.466304928,3.788314304,79.75016623,91.20708494,41.44537055
England,1296,7.590879699,3.725577785,78.48872125,91.15886538,41.67026007
England,1297,9.137170008,4.25620007,77.24722913,91.11067132,42.18765082
England,1298,9.840029239,4.871923264,76.02537426,91.06250274,42.49517557
England,1299,9.769743316,4.288835239,74.82284602,91.01435962,42.23627378
England,1300,9.699457393,5.373296932,73.63933873,90.96624196,42.46675784
England,1301,9.699457393,5.688399268,74.27442148,90.91814973,42.56682524
England,1302,9.840029239,3.997564895,74.91498134,90.87008293,42.11866572
England,1303,8.996598161,5.663717938,75.56106553,90.82204155,42.37943913
England,1304,9.137170008,5.504492278,76.2127217,90.77402556,42.3805165
England,1305,9.137170008,6.994942076,76.86999791,90.72603495,42.82591661
England,1306,7.309736006,6.423963513,77.53294262,90.67806972,42.15704966
England,1307,7.098878237,6.601178703,78.20160472,90.63012985,42.1592608
England,1308,6.536590852,6.176147171,78.87603351,90.58221532,41.88708729
England,1309,5.763445697,6.639128794,79.55627874,90.53432612,41.8164442
England,1310,6.466304928,6.060959637,80.24239056,90.48646224,41.85334131
England,1311,6.677162698,6.474375641,80.93441956,90.43862367,42.04357804
England,1312,6.817734544,6.490789172,81.63241679,90.39081039,42.0981158
England,1313,6.114875313,6.387085631,82.3364337,90.34302238,41.88209486
England,1314,6.606876775,4.626896304,83.04652222,90.29525964,41.51478969
England,1315,6.747448621,5.684091691,83.76273471,90.24752215,41.87505796
England,1316,6.396019005,4.337563621,83.43389682,89.07747634,40.91685271
England,1317,6.396019005,5.188270152,83.10634988,87.92259999,40.7065202
England,1318,5.693159774,5.462335327,82.78008884,86.78269644,40.13671578
England,1319,4.779442773,4.92366056,82.45510864,85.65757158,39.27563526
England,1320,5.482302005,5.827349916,82.13140426,84.54703379,39.29446267
England,1321,5.060586466,5.169842082,81.00812043,83.45089397,38.51412569
England,1322,4.70915685,4.157446008,79.90019938,82.36896543,37.65556769
England,1323,5.130872389,5.460482334,78.807431,81.30106394,37.69745925
England,1324,4.990300543,4.479007236,77.72960805,80.24700763,36.91887849
England,1325,4.217155388,5.07223149,76.66652612,79.20661701,36.43085123
England,1326,3.654868003,4.331327243,77.13528576,79.74841911,36.28535453
England,1327,3.795439849,5.035030765,77.60691151,80.29392733,36.76102757
England,1328,4.217155388,4.214931748,78.08142092,80.84316702,36.87033224
England,1329,4.076583542,5.591672308,78.5588316,81.39616372,37.46779389
England,1330,4.006297619,5.297445401,79.03916129,81.95294311,37.59688348
England,1331,3.37372431,5.666723704,79.52242785,82.51353108,37.76488838
England,1332,3.37372431,6.135363039,80.00864924,83.07795367,38.14032712
England,1333,4.006297619,5.341878908,80.49784351,83.64623712,38.32429909
England,1334,3.795439849,5.901812958,80.99002884,84.21840784,38.67082044
England,1335,4.498299081,5.744522116,81.48522353,84.79449241,39.0640922
England,1336,5.060586466,4.320173984,81.98344596,85.37451761,39.04849608
England,1337,5.974303467,3.285578261,82.48471467,85.95851039,39.24693157
England,1338,7.309736006,4.928263376,82.98904826,86.5464979,40.34928526
England,1339,10.05088701,6.49759584,83.49646549,87.13850746,41.82453443
England,1340,12.72175209,4.606673505,84.0069852,87.73456657,42.26799493
England,1341,14.47890017,4.582072477,84.52062636,88.33470295,43.00472758
England,1342,15.46290309,5.180916675,85.03740807,88.93894448,43.70985505
England,1343,15.67376086,4.154482477,85.55734951,89.54731924,43.72451869
England,1344,15.74404678,4.689712358,86.08047002,90.1598555,44.15921419
England,1345,16.79833563,4.720477818,86.60678902,90.77658174,44.72274818
England,1346,17.78233855,4.851375378,87.13632608,91.39752661,45.29774788
England,1347,18.76634148,5.282281071,87.66910087,92.02271897,45.96242375
England,1348,19.04748517,5.684924482,88.20513319,92.65218787,46.42425217
England,1349,18.48519778,5.022328537,71.81097448,75.4859195,38.76405977
England,1350,16.16576232,5.139108457,58.46389965,61.50015638,32.19591867
England,1351,14.68975794,5.267437621,47.59756552,50.10562579,26.97031887
England,1352,13.70575501,4.273114825,47.48916493,50.02759133,26.36946137
England,1353,13.56518317,3.732638819,47.38101121,49.9496784,26.1372609
England,1354,15.04118755,6.30056597,47.27310381,49.8718868,27.26748422
England,1355,15.32233124,5.182832717,47.16544216,49.79421637,26.98407485
England,1356,14.61947201,4.962584531,47.0580257,49.71666689,26.68878862
England,1357,13.91661278,6.286474478,46.95085388,49.63923819,26.84598773
England,1358,13.63546909,5.929446761,46.84392613,49.56193008,26.62855087
England,1359,13.14346763,5.630130547,46.73724191,49.48474237,26.36917395
England,1360,13.70575501,6.041446588,46.63080065,49.40767487,26.61259686
England,1361,13.3543254,5.15612537,46.52460181,49.33072739,26.22090551
England,1362,13.0731817,6.578027496,46.41864483,49.25389976,26.52491636
England,1363,12.51089432,5.404113064,46.31292916,49.17719177,25.98987447
England,1364,11.87832101,4.57823189,46.20745425,49.10060325,25.53722622
England,1365,10.61317439,6.190524276,46.10221955,49.02413401,25.62229471
England,1366,10.54288847,5.864678225,45.99722452,48.94778386,25.47335004
England,1367,10.47260255,5.98990575,45.89246861,48.87155262,25.45662461
England,1368,9.840029239,4.921355732,45.78795127,48.7954401,24.93309852
England,1369,9.066884084,5.325853248,45.68367197,48.71944612,24.8019566
England,1370,8.645168546,4.570882933,45.57963016,48.64357049,24.42932574
England,1371,8.434310776,5.474232295,45.47582529,48.56781303,24.60153976
England,1372,9.137170008,4.740242206,45.37225683,48.49217355,24.54933209
England,1373,9.348027777,5.175337555,45.26892425,48.41665188,24.70227146
England,1374,10.26174478,4.659567203,45.165827,48.34124782,24.77301804
England,1375,11.31603362,5.087761901,45.06296454,48.2659612,25.15966971
England,1376,11.17546178,4.546966122,44.96033635,48.19079183,24.92866408
England,1377,10.96460401,3.773628573,44.85794189,48.11573952,24.60994388
England,1378,13.00289578,5.319918862,44.47082855,47.73493687,25.46931989
England,1379,13.56518317,3.895558666,44.0870559,47.357148,25.04726339
England,1380,14.68975794,4.39876097,43.70659512,46.98234908,25.34835236
England,1381,15.53318901,4.475787866,43.32941763,46.61051642,25.44731334
England,1382,14.9006157,4.795599528,42.95549509,46.24162656,25.20633918
England,1383,14.68975794,4.129805095,42.58479941,45.87565621,24.79565813
England,1384,14.9006157,5.670558204,42.21730274,45.51258226,25.15055301
England,1385,14.76004386,5.375529953,41.85297748,45.15238179,24.87063315
England,1386,14.97090163,5.087722732,41.49179627,44.79503205,24.6922369
England,1387,15.95490455,5.130941308,41.13373196,44.44051049,24.82804036
England,1388,16.23604824,4.718859671,40.77875766,44.08879472,24.63530039
England,1389,14.97090163,4.797783203,40.42684671,43.73986254,24.15564848
England,1390,14.9006157,5.964593843,40.07797266,43.39369191,24.32973762
England,1391,13.63546909,4.926819951,39.73210931,43.05026098,23.5252714
England,1392,13.63546909,5.349936042,39.38923068,42.70954807,23.50345147
England,1393,14.33832832,5.151620308,39.04931101,42.37153167,23.49707087
England,1394,14.33832832,5.245821281,38.71232477,42.03619043,23.38119837
England,1395,14.2680424,5.502808019,38.37824664,41.70350318,23.29453183
England,1396,14.47890017,5.578029175,38.04705152,41.37344892,23.23428608
England,1397,13.63546909,5.022989268,37.71871454,41.04600682,22.69597279
England,1398,13.0731817,5.41057015,37.39321102,40.72115619,22.51350455
England,1399,13.14346763,5.557300743,37.07051653,40.39887652,22.43829503
England,1400,12.1594647,5.013439287,36.75060681,40.07914748,21.86731435
England,1401,11.80803509,5.009658778,36.68643475,40.03803727,21.74949408
England,1402,12.22975063,6.083583658,36.62237475,39.99696923,22.16344827
England,1403,12.01889286,4.880488131,36.55842661,39.95594332,21.73354423
England,1404,11.59717732,5.619581782,36.49459013,39.91495949,21.81381158
England,1405,12.1594647,4.547459089,36.43086511,39.8740177,21.63831258
England,1406,12.01889286,5.734931259,36.36725138,39.8331179,21.92853668
England,1407,12.1594647,5.316503302,36.30374872,39.79226005,21.82679825
England,1408,12.65146616,5.07893647,36.24035694,39.75144411,21.87624907
England,1409,12.72175209,5.936963005,36.17707586,39.71067004,22.12891477
England,1410,12.22975063,5.804879372,36.11390527,39.66993779,21.93441882
England,1411,12.58118024,4.927989535,36.05084499,39.62924732,21.75734117
England,1412,12.86232393,4.57991318,35.98789482,39.58859859,21.71558988
England,1413,13.00289578,5.632275124,35.92505458,39.54799156,22.04491346
England,1414,13.3543254,4.932314045,35.86232406,39.50742617,21.91973746
England,1415,13.63546909,5.848257558,35.79970308,39.46690239,22.24840267
England,1416,13.49489724,5.197456597,35.73719144,39.42642018,22.00022437
England,1417,13.84632686,5.539970734,35.67478896,39.3859795,22.18055271
England,1418,14.05718463,5.596406662,35.61249544,39.34558029,22.23781074
England,1419,14.33832832,5.653417777,35.5503107,39.30522253,22.31489314
England,1420,14.76004386,5.292892462,35.48823454,39.26490616,22.30892957
England,1421,14.83032978,5.193413536,35.42626678,39.22463114,22.28129575
England,1422,14.97090163,5.595442904,35.36440721,39.18439743,22.42025835
England,1423,14.97090163,7.607456598,35.30265567,39.14420499,22.99169203
England,1424,14.47890017,6.715574197,35.24101195,39.10405378,22.57486465
England,1425,13.56518317,6.920343049,35.17947588,39.06394376,22.3615617
England,1426,12.93260986,6.213646751,35.11804725,39.02387487,21.95976343
England,1427,12.1594647,6.139615626,35.05672589,38.98384709,21.70408411
England,1428,11.17546178,6.191682042,34.9955116,38.94386036,21.42646536
England,1429,9.910315162,6.487849565,34.9344042,38.90391465,21.14184658
England,1430,9.207455931,5.841232456,34.87340351,38.86400991,20.73809716
England,1431,8.715454469,6.229773848,34.74601587,38.74999024,20.66517832
England,1432,9.277741854,5.706137269,34.61909357,38.63630508,20.61967202
England,1433,8.715454469,5.709861895,34.4926349,38.52295345,20.41466401
England,1434,8.29373893,5.594058961,34.36663816,38.40993438,20.21405296
England,1435,8.645168546,5.994388533,34.24110166,38.29724688,20.38080314
England,1436,9.137170008,3.944055543,34.11602374,38.18488999,19.86893275
England,1437,9.066884084,4.857302663,33.99140271,38.07286273,20.06844742
England,1438,8.715454469,6.239099336,33.8672369,37.96116414,20.32685042
England,1439,8.29373893,5.973997035,33.74352465,37.84979325,20.08322623
England,1440,8.574882623,7.989321918,33.62026431,37.7387491,20.70425957
England,1441,8.574882623,6.58585041,33.49745421,37.62803073,20.24519745
England,1442,8.574882623,6.319213362,33.37509273,37.51763719,20.11936897
England,1443,8.29373893,7.612072172,33.25317821,37.40756752,20.3720711
England,1444,8.715454469,7.202211433,33.13170903,37.29782078,20.32237716
England,1445,8.715454469,6.314064262,33.01068357,37.18839602,20.0148773
England,1446,8.856026315,7.010767794,32.89010019,37.07929228,20.21114761
England,1447,8.504596699,6.20841684,32.76995728,36.97050864,19.83089336
England,1448,8.785740392,7.391013764,32.65025324,36.86204414,20.20908317
England,1449,8.574882623,4.677962009,32.53098646,36.75389786,19.30855155
England,1450,9.277741854,5.875277182,32.41215535,36.64606886,19.80914733
England,1451,9.137170008,5.552165745,32.48357905,36.75332762,19.71958894
England,1452,8.856026315,5.107535769,32.55516015,36.86090032,19.55528305
England,1453,8.364024853,5.85514594,32.62689898,36.96878786,19.68152264
England,1454,8.153167084,4.666322706,32.69879589,37.07699118,19.31906197
England,1455,8.012595237,5.239695411,32.77085124,37.1855112,19.49268443
England,1456,8.223453007,6.228286948,32.84306537,37.29434885,19.88627084
England,1457,7.661165622,4.28333273,32.91543863,37.40350504,19.20447683
England,1458,7.450307852,5.776476435,32.98797137,37.51298073,19.62834339
England,1459,6.95830639,5.327749372,33.06066395,37.62277684,19.40483582
England,1460,6.747448621,3.969502421,33.13351671,37.73289431,18.99351329
England,1461,6.185161236,4.94997514,33.20653002,37.84333408,19.16938417
England,1462,5.83373162,5.260217891,33.27970421,37.95409709,19.20791686
England,1463,5.83373162,4.452136997,33.35303965,38.0651843,19.01709208
England,1464,6.255447159,5.24374928,33.4265367,38.17659664,19.41291755
England,1465,5.904017543,3.628538948,33.5001957,38.28833508,18.88769418
England,1466,5.341730158,5.102132507,33.57401702,38.40040056,19.20870955
England,1467,5.060586466,5.948195183,33.64800101,38.51279404,19.42453468
England,1468,4.990300543,5.770239286,33.72214804,38.62551649,19.39936476
England,1469,5.622873851,6.060326298,33.79645845,38.73856886,19.70781766
England,1470,5.83373162,4.884579645,33.87093262,38.85195212,19.46910766
England,1471,5.83373162,4.021678963,34.01865817,38.96566724,19.26631829
England,1472,6.04458939,5.560627853,34.16702802,39.0797152,19.82632596
England,1473,6.255447159,5.17856219,34.31604497,39.19409695,19.82363697
England,1474,7.309736006,6.155461163,34.46571185,39.30881349,20.45490131
England,1475,8.082881161,5.041915152,34.61603149,39.4238658,20.395286
England,1476,8.645168546,5.520412185,34.76700674,39.53925484,20.7433865
England,1477,8.645168546,5.604080794,34.91864045,39.65498162,20.81887838
England,1478,8.645168546,5.642257674,35.0709355,39.77104711,20.88119951
England,1479,8.856026315,8.098473632,35.22389478,39.88745232,21.71106464
England,1480,8.715454469,7.172810982,35.37752118,40.00419823,21.45203054
England,1481,8.785740392,7.899541665,35.53181761,40.12128584,21.73620919
England,1482,9.4183137,7.815115107,35.68678699,40.23871615,21.93996367
England,1483,8.996598161,5.094934049,35.84243225,40.35649017,21.07707965
England,1484,8.715454469,6.461005751,35.99875635,40.4746089,21.4508892
England,1485,7.590879699,5.985760175,36.15576225,40.59307335,21.04973533
England,1486,6.747448621,7.291722971,36.31345292,40.71188453,21.24917457
England,1487,6.677162698,5.286649035,36.47183135,40.83104345,20.69463986
England,1488,7.872023391,6.45246766,36.63090053,40.95055115,21.42276778
England,1489,9.488599623,6.940270511,36.79066347,41.07040862,22.07021461
England,1490,10.05088701,7.408675595,36.95112322,41.19061691,22.4176124
England,1491,10.12117293,6.637555236,37.11228279,41.31117703,22.26454998
England,1492,11.59717732,6.629121103,37.27414525,41.43209001,22.72782462
England,1493,11.94860693,6.897203391,37.43671367,41.5533569,22.95811857
England,1494,12.86232393,7.423610568,37.59999111,41.67497871,23.42135012
England,1495,13.77604093,4.768316078,37.76398067,41.7969565,22.95251817
England,1496,14.47890017,4.658245387,37.92868547,41.91929131,23.17069185
England,1497,16.30633417,7.334576846,38.09410861,42.04198417,24.51960755
England,1498,16.51719194,7.88294757,38.26025323,42.16503615,24.79359224
England,1499,15.81433271,7.014964253,38.42712248,42.28844828,24.39749868
England,1500,14.76004386,8.236308573,38.59471951,42.41222162,24.51556584
England,1501,14.40861424,8.258992813,38.76304751,42.53635724,24.4789521
England,1502,14.33832832,8.539371686,38.93210966,42.66085618,24.59655427
England,1503,13.21375355,8.598071834,39.10190916,42.78571952,24.35484654
England,1504,13.63546909,8.358227495,39.27244923,42.91094832,24.45781503
England,1505,13.84632686,8.538981822,39.4437331,43.03654365,24.62528427
England,1506,13.56518317,8.297133821,39.61576401,43.16250658,24.53165773
England,1507,13.49489724,8.487199711,39.78854521,43.28883819,24.62366032
England,1508,12.08917878,8.677484949,39.96208,43.41553956,24.34283001
England,1509,12.44060839,8.721618815,40.13637164,43.54261177,24.51023545
England,1510,12.51089432,8.702738285,40.31142343,43.6700559,24.58081167
England,1511,12.37032247,8.766789273,40.48723871,43.79787305,24.61695633
England,1512,12.72175209,8.460313001,40.66382079,43.9260643,24.68216099
England,1513,13.49489724,8.539656076,40.84117302,44.05463076,24.9783985
England,1514,14.54918609,8.711120556,41.01929876,44.18357351,25.38034603
England,1515,14.9006157,8.718212392,41.19820138,44.31289367,25.53795749
England,1516,15.46290309,8.78337018,41.37788427,44.44259233,25.7716666
England,1517,16.02519047,8.761388383,41.55835084,44.5726706,25.98002313
England,1518,16.02519047,8.749107498,41.73960449,44.70312959,26.03431903
England,1519,15.74404678,9.060988392,41.92164867,44.83397043,26.10523244
England,1520,15.46290309,8.975393793,42.10448683,44.96519422,26.05986733
England,1521,15.25204532,8.910493296,42.28812241,45.09680209,26.04038224
England,1522,14.9006157,8.659926165,42.47255892,45.22879515,25.92740861
England,1523,17.57148078,8.791715669,42.96631791,45.68924451,26.91045136
England,1524,17.64176671,8.858537927,43.46581703,46.15438145,27.15000002
England,1525,17.36062301,8.786289629,43.97112301,46.62425368,27.25269413
England,1526,16.65776378,8.966730407,44.48230335,47.09890943,27.31370436
England,1527,16.0954764,9.007511519,43.99296328,47.57839739,27.33347207
England,1528,15.11147347,8.934643694,43.50900633,48.06276674,27.20423723
England,1529,14.54918609,8.842587132,43.03037328,48.5520672,27.18931712
England,1530,14.19775647,9.061574348,42.55700557,49.04634895,27.32657998
England,1531,14.33832832,8.839357248,42.08884528,49.54566271,27.47417753
England,1532,14.68975794,9.031020871,41.62583511,50.05005971,27.80412362
England,1533,14.97090163,8.975241059,41.16791842,50.55959169,28.0441283
England,1534,12.30003655,9.354356388,40.71503917,51.07431094,27.58908451
England,1535,12.22975063,9.167303001,40.26714194,51.59427026,27.69689196
England,1536,11.73774916,9.241900139,39.82417193,52.119523,27.76579889
England,1537,11.87832101,9.441420031,39.38607494,52.65012304,28.05029286
England,1538,11.80803509,9.289039567,38.95279736,53.18612483,28.17506082
England,1539,12.37032247,9.75328871,38.52428617,53.72758336,28.65952253
England,1540,12.79203801,9.727914577,38.10048894,54.27455418,28.96357939
England,1541,13.91661278,9.636903829,37.43994018,54.47583195,29.30144064
England,1542,15.46290309,9.908037033,37.13754808,55.19312214,30.07734692
England,1543,15.74404678,9.626731072,36.56975301,55.51326503,30.1735776
England,1544,16.79833563,10.30249362,36.19573245,56.12225632,30.88579869
England,1545,17.9229104,10.54515485,35.38343921,56.03776508,31.2047727
England,1546,18.8366274,10.9989172,34.60408541,55.97719699,31.53729692
England,1547,19.11777109,11.52642521,33.43597696,56.01518918,31.73666541
England,1548,18.55548371,11.62310701,32.74533455,56.81319834,31.88748357
England,1549,18.34462594,11.69291612,31.93210372,57.37667214,32.03294712
England,1550,18.13376817,11.97888515,31.24346424,58.13999948,32.32409142
England,1551,17.99319632,10.79657431,30.61100446,58.99313003,32.24167886
England,1552,16.79833563,9.151376109,29.77022768,59.41745312,31.55487345
England,1553,14.61947201,9.972975569,28.96345147,59.86737378,31.32723364
England,1554,13.77604093,9.738969301,28.21283881,60.39412565,31.19537484
England,1555,12.51089432,9.824399158,27.44743233,60.84958924,31.01115341
England,1556,10.89431809,9.091122674,26.92942148,61.82882152,30.70140806
England,1557,9.137170008,9.530896664,25.94177599,61.68387767,30.24247415
England,1558,9.207455931,10.67045717,24.49246487,60.31321422,30.0065897
England,1559,12.37032247,10.27806906,22.91749027,58.44603483,29.98884032
England,1560,13.21375355,10.59853004,21.97202089,58.03179681,30.11920106
England,1561,13.63546909,9.997416468,21.35995133,58.42574923,30.18767026
England,1562,13.9868987,9.487641173,21.81350899,59.07348332,30.40543411
England,1563,14.61947201,9.486030094,22.24923997,59.65477919,30.82423287
England,1564,15.60347494,9.905486491,22.55346038,59.8695871,31.31759239
England,1565,16.23604824,10.72909741,23.06172865,60.61051175,32.04283371
England,1566,16.58747786,12.38106514,23.47298545,61.07836995,32.82276164
England,1567,16.86862155,12.1453665,23.9690357,61.74939206,33.11194859
England,1568,17.14976525,12.20193567,24.54135995,62.59559395,33.55758451
England,1569,16.02519047,12.45997213,24.95835507,63.02663399,33.50277085
England,1570,11.66746324,11.74812556,25.37406619,63.43971723,32.25357079
England,1571,10.12117293,11.4290971,25.73769784,63.70945407,31.84735987
England,1572,10.89431809,11.13625695,26.24048121,64.30859126,32.22976876
England,1573,11.17546178,12.68992842,26.65646772,64.67892848,32.92379409
England,1574,11.17546178,12.61098339,27.08594038,65.06795386,33.06870186
England,1575,11.17546178,14.09884769,27.62075192,65.69340073,33.76835204
England,1576,11.10517586,14.51565243,28.18111832,66.36016941,34.15156663
England,1577,11.45660547,13.5961153,28.81279846,67.17346013,34.32059048
England,1578,11.52689139,14.64197793,29.41176133,67.88851776,34.94763669
England,1579,11.17546178,14.59046781,29.98454021,68.52289491,35.10309962
England,1580,11.10517586,14.43433711,30.64077806,69.32679344,35.37537799
England,1581,11.10517586,14.12467157,31.20051836,69.8917877,35.52604263
England,1582,11.59717732,13.27558046,31.85902346,70.65775178,35.7378116
England,1583,11.03488993,14.4709679,32.61942689,71.62534006,36.33616763
England,1584,10.54288847,14.56544345,33.36051811,72.52473871,36.60445944
England,1585,10.40231662,13.74235223,33.95958606,73.09350524,36.56850752
England,1586,10.82403216,14.12707879,34.68743064,73.91822826,37.14771265
England,1587,10.68346032,14.75858086,35.20647985,74.27882686,37.45424237
England,1588,10.82403216,16.13892427,35.44237373,74.03349433,37.81297738
England,1589,11.17546178,15.31892975,36.15907696,74.78005814,37.98892013
England,1590,11.73774916,16.31868874,36.98100722,75.71993175,38.83596885
England,1591,11.94860693,17.19043115,37.38619616,75.78892972,39.1937304
England,1592,12.65146616,18.2391678,37.83030541,75.92719511,39.76916203
England,1593,12.72175209,19.01172381,38.19157926,75.89062715,40.01600213
England,1594,13.28403947,17.24177574,38.92666167,76.5827047,39.95223583
England,1595,13.63546909,17.51388886,39.80284413,77.52837145,40.53166559
England,1596,13.77604093,17.33713734,40.4852652,78.07402318,40.75815788
England,1597,13.3543254,17.10140263,40.87353382,78.03955306,40.57405289
England,1598,13.42461132,19.13067054,41.01748663,77.53622393,40.99983739
England,1599,13.56518317,21.17875513,41.80754892,78.24441064,41.9454326
England,1600,13.42461132,21.14833487,42.74091936,79.19640941,42.30358876
England,1601,13.21375355,21.89906633,43.82296264,80.09894521,42.85804308
England,1602,13.70575501,23.91114085,44.70226811,80.59684688,43.81374981
England,1603,13.63546909,24.99767955,45.55293447,81.0155308,44.30941356
England,1604,13.70575501,26.66134863,46.29034606,81.2093025,44.92189131
England,1605,13.56518317,25.84340044,47.49194388,82.18616749,45.07002192
England,1606,13.28403947,27.74363059,48.59868661,82.95961838,45.89281187
England,1607,13.56518317,25.89775002,49.84579146,83.93326924,45.85821728
England,1608,13.84632686,25.37540825,50.9630982,84.64959713,46.10665922
England,1609,14.2680424,27.47192126,52.10107232,85.36486646,47.16213719
England,1610,14.19775647,28.35422702,52.98181193,85.62936831,47.5396621
England,1611,14.47890017,27.06180883,54.03908018,86.1523864,47.48532928
England,1612,14.33832832,25.63223722,55.0520815,86.5758049,47.2326991
England,1613,14.12747055,26.84913741,56.05760693,86.96024966,47.72048162
England,1614,13.77604093,27.6145529,56.82968608,86.96107725,47.87888272
England,1615,13.70575501,27.8107509,58.05534564,87.63050191,48.22605418
England,1616,13.00289578,25.61243001,59.05217606,87.92500873,47.5406439
England,1617,12.79203801,28.15105422,59.93324123,88.02533967,48.30080575
England,1618,12.51089432,29.14284742,61.14642575,88.5879089,48.78039398
England,1619,12.44060839,26.8664829,62.56451099,89.41180433,48.47074141
England,1620,12.51089432,29.52630776,64.01303837,90.2399147,49.64953969
England,1621,12.22975063,30.38179861,65.67304385,91.32313472,50.3087829
England,1622,12.51089432,27.75861127,67.75609155,92.94059342,50.3297184
England,1623,12.65146616,28.87549037,69.12200724,93.52697032,50.97929184
England,1624,12.86232393,31.46353755,69.64172314,92.95087094,51.59553478
England,1625,13.56518317,32.31787664,70.48383219,92.79763194,52.01792137
England,1626,13.77604093,31.47806826,70.57023066,91.64997532,51.39111956
England,1627,15.11147347,31.35018649,72.06144616,92.31605112,52.04575374
England,1628,16.37662009,37.26865012,74.57063343,94.23354033,54.97779624
England,1629,17.0091934,30.39195369,76.79698108,95.72938168,53.80961032
England,1630,17.22005117,29.83936106,77.62725162,95.45061834,53.63335401
England,1631,17.29033709,29.83607964,78.17033729,94.81345047,53.42845728
England,1632,17.50119486,34.85950726,80.25516787,96.02059739,55.5118072
England,1633,17.07947932,32.70684283,83.40415776,98.43340926,55.82558811
England,1634,17.14976525,34.72841955,85.58080369,99.63102926,56.99025803
England,1635,17.0091934,38.05657084,87.14835805,100.0785249,58.16390667
England,1636,17.22005117,38.79998291,86.47786835,97.96029682,57.59478483
England,1637,17.50119486,38.25248318,89.49426688,100.0008661,58.42597336
England,1638,17.07947932,40.65890738,90.15458514,99.37103105,58.79735679
England,1639,17.0091934,40.03920099,92.17937785,100.223411,59.00924226
England,1640,17.9229104,40.19813179,93.48157503,100.2593438,59.37890542
England,1641,18.20405409,37.33245519,93.32815219,98.7358648,58.02308399
England,1642,18.55548371,40.69257297,95.76826811,99.94183769,59.67262787
England,1643,19.04748517,43.34650542,98.51091024,101.40829,61.26766536
England,1644,19.68005848,42.99961614,97.66031719,100.4248042,60.92767559
England,1645,20.73434732,39.68044385,98.31115086,100.9855836,60.4932392
England,1646,21.78863617,40.25283136,98.12088716,100.6819925,60.83034585
England,1647,21.99949394,41.71518193,99.81186236,102.3072074,62.01544705
England,1648,22.7726391,42.51403047,99.79661648,102.1818178,62.41643887
England,1649,29.09837218,42.8616119,100.0207848,102.3014528,64.34095092
England,1650,34.15895864,42.31434058,100.0709414,102.2429248,65.5738201
England,1651,39.74317524,44.1961008,100.0961227,102.1589147,67.6537964
England,1652,41.81590711,50.01804037,101.7764786,103.7624391,70.62756891
England,1653,44.20492564,54.9039913,101.7802404,103.6549293,72.68518031
England,1654,40.75458967,54.71558368,100.5177337,102.2593227,71.07477878
England,1655,40.87267002,58.3234753,102.2260211,103.8856154,72.86373305
England,1656,41.03643622,54.99454709,102.204463,103.7522578,71.8817197
England,1657,39.7748039,53.25097006,102.3944765,103.8336119,71.05769475
England,1658,38.70786359,53.08866347,101.0854958,102.3962408,70.1027194
England,1659,37.67747196,45.50759185,100.1707104,101.3607131,67.15580212
England,1660,34.5061711,49.27518117,99.88346419,100.9616027,67.20771053
England,1661,32.56206247,51.89567688,100.6382296,101.6153609,67.71615399
England,1662,30.9272119,52.64988796,99.31388996,100.1705607,66.86755699
England,1663,29.11102364,62.01548566,98.74448781,99.48937653,68.81760757
England,1664,27.15285783,60.29063624,100.2964075,100.9445697,68.39149636
England,1665,30.7753943,61.30613481,99.24480997,99.77899479,69.20731728
England,1666,31.3081616,68.2239435,100.2121223,100.6434037,71.75697243
England,1667,31.36649892,69.18320696,97.96334846,98.27938115,71.048159
England,1668,31.49020214,65.67968852,99.96638069,100.1812616,70.87370491
England,1669,33.58472265,66.80295491,99.98238399,100.089784,71.7532862
England,1670,33.54044252,66.3873872,99.95290431,99.95290431,71.56507102
England,1671,35.98568979,64.31699167,99.29013887,99.29013887,71.35813906
England,1672,39.22727656,64.66537541,98.9429357,98.9429357,72.21731824
England,1673,41.84753578,66.96205366,99.53920519,99.53920519,73.87723215
England,1674,44.63015547,65.29189002,99.83001672,99.83001672,74.28960337
England,1675,45.46304366,67.74029812,99.83153717,99.83153717,75.24030953
England,1676,42.56585791,77.27645467,99.78365239,99.78365239,77.20453359
England,1677,42.84629874,74.93461048,99.94718816,99.94718816,76.66665843
England,1678,44.17962271,77.32179991,100.2664265,100.2664265,77.87509974
England,1679,46.67899013,73.69501471,99.97043769,99.97043769,77.38411676
England,1680,46.49835531,80.48169054,99.4414725,99.4414725,79.09592659
England,1681,47.74311901,75.31240558,98.32992193,98.32992193,77.45373852
England,1682,47.81551351,77.6383853,95.5068945,95.5068945,76.94823249
England,1683,46.17293149,82.64135288,95.28535039,95.28535039,77.86047079
England,1684,44.3314403,72.6692634,95.15131919,95.15131919,74.36691143
England,1685,41.56990638,79.40377881,96.46391656,96.46391656,76.12995315
England,1686,42.4660519,76.64849814,96.92619334,96.92619334,75.7707009
England,1687,44.68989851,80.62704904,95.82209109,95.82209109,77.08551075
England,1688,45.18189997,86.69744444,95.18898419,95.18898419,78.73082725
England,1689,47.86893081,86.59013401,97.05781876,97.05781876,80.24923059
England,1690,50.80125952,91.09262864,96.98776224,96.98776224,82.35767698
England,1691,54.82864292,92.37082688,98.03581928,98.03581928,84.30548004
England,1692,62.40546543,98.31812539,98.10941712,98.10941712,88.19618483
England,1693,68.22443701,87.8964859,98.56632418,98.56632418,86.9636709
England,1694,73.88385954,98.91224727,98.34041116,98.34041116,91.6756882
England,1695,80.36562737,96.78107255,98.34295167,98.34295167,92.86311563
England,1696,87.88411257,93.4926015,98.5108756,98.5108756,94.07180364
England,1697,89.95965588,93.29320529,99.11871211,99.11871211,94.85314682
England,1698,93.70940988,96.57077315,99.64415524,99.64415524,97.08571048
England,1699,98.38131519,94.85485727,99.89114295,99.89114295,97.99373319
England,1700,100,100,100,100,100
England,1701,132.2205128,104.8318616,101.935372,100.6193715,103.4944717
England,1702,228.5107485,94.71416555,103.9083391,101.3369609,103.0234001
England,1703,267.9569013,93.78623642,105.9196342,102.2151324,103.5980227
England,1704,273.8095238,105.313517,107.970005,102.713962,109.1051149
England,1705,320.5157015,100.0043935,110.0602133,102.9530692,108.1783846
England,1706,327.8040112,91.07666506,112.1910363,103.2925094,104.5745052
England,1707,462.4796037,96.83056089,114.3632661,103.6723173,110.8472388
England,1708,391.3461538,109.6128707,116.5777106,104.0324339,115.0333577
England,1709,393.860532,99.91934745,118.8351932,104.272618,110.6882373
England,1710,387.5872215,92.62356466,121.1365535,104.5731924,107.5500111
England,1711,582.4045584,94.87913063,123.4826479,104.452806,113.1572637
England,1712,321.3810612,96.83410708,125.8743491,104.2521124,106.8954046
England,1713,211.2133228,100.9645954,128.3125471,104.4327286,105.7545616
England,1714,181.1600697,106.7507465,130.7981494,104.814359,107.5062379
England,1715,167.3964497,105.6737449,133.3320812,104.9351647,107.0880979
England,1716,241.1991712,108.2925513,135.9152859,105.5786711,110.5699382
England,1717,151.7813765,113.6930861,138.5487253,106.3031693,110.7478274
England,1718,222.8977116,113.3922148,141.23338,107.0283,113.0187134
England,1719,209.5109701,113.5110113,143.97025,107.7540649,113.8940182
England,1720,186.9255907,113.8528015,134.6160129,107.3933618,112.5416854
England,1721,150.9153846,110.9306267,115.7131475,107.2741015,109.9039598
England,1722,254.2307692,115.9634477,146.7350994,107.3764146,114.8412788
England,1723,182.3566695,115.6415679,167.9447994,107.7811822,113.5121909
England,1724,161.4893617,116.7137546,184.6720017,108.1661616,113.2324543
England,1725,165.3713984,118.7746434,208.2419684,108.5716719,114.8356072
England,1726,166.2845651,117.937702,154.8763216,109.5022318,114.5970512
England,1727,189.0251068,115.987777,215.2081255,110.1509703,115.6153925
England,1728,248.3475783,117.4854307,209.9309545,109.0836191,116.4086724
England,1729,194.331854,114.1271442,206.9850521,107.3286533,112.1860119
England,1730,204.48583,118.6176142,222.2819932,106.017074,113.6385058
England,1731,216.261655,115.7759217,258.6472477,105.9377716,113.5963423
England,1732,182.6879862,118.9128739,234.5993528,106.40453,113.7694528
England,1733,170.1236802,123.9414398,236.2714713,106.9728867,115.5306503
England,1734,288.7062937,121.2854825,234.577793,108.088301,118.5722071
England,1735,243.7165082,124.933369,240.100349,109.0629444,118.9338427
England,1736,248.5057471,123.7328696,254.9406059,109.937154,119.6177898
England,1737,191.7617866,120.089745,227.505928,110.6094567,116.233415
England,1738,172.7754297,126.1645656,237.2238455,111.1201503,118.7042142
England,1739,209.590896,124.450077,220.6258244,111.8341748,119.2038925
England,1740,239.3769231,120.0421008,227.4140999,112.4473736,119.1037776
England,1741,292.4691358,126.233992,210.2787404,112.7159842,122.1764524
England,1742,386.7288267,123.3823581,250.4931205,111.5428164,123.6853963
England,1743,430.5128205,127.4010178,227.3919897,111.5066071,125.4129419
England,1744,506.8986569,122.2843993,237.4300885,112.2834904,126.9416581
England,1745,462.1508296,127.2753792,207.6160962,113.4474627,127.366408
England,1746,474.8387097,127.1186635,214.3279019,114.1445482,128.5466809
England,1747,572.5099715,128.0125145,211.0424681,114.6590914,131.3011849
England,1748,570.9847245,135.2378144,214.3783283,114.9297743,134.0641302
England,1749,587.4706197,134.6491434,229.1606438,115.6692616,134.7402871
England,1750,246.2645074,139.5048276,237.1356975,116.4501881,128.8448599
England,1751,225.8717949,140.6550021,276.7158334,117.1706662,129.2427124
England,1752,259.5505928,142.5442289,260.5040606,117.9035694,131.2031945
England,1753,209.031339,147.5530967,254.9982827,118.758022,131.6366825
England,1754,210.1452991,142.5128214,246.2202241,119.5913374,130.2960249
England,1755,281.2820513,146.2779088,248.8144309,120.4035486,134.1825781
England,1756,437.6923077,146.5834905,266.2685768,121.3573948,138.404607
England,1757,454.9682428,141.9747617,275.4063142,121.8631489,138.5430509
England,1758,573.3309144,142.6192603,270.508517,122.1652992,141.6040036
England,1759,733.3461538,151.9489927,276.660575,122.5890762,148.5873492
England,1760,879.8613291,157.5507147,286.970482,123.3169751,154.3231461
England,1761,1084.689034,155.1650065,307.5570674,124.165959,160.2763707
England,1762,980.9819967,153.8220767,335.7115437,124.6289086,157.9271437
England,1763,770.0282051,164.1583934,312.6411208,124.3415948,154.5023363
England,1764,335.2865762,165.1569241,349.2810747,124.9459658,145.535341
England,1765,399.9685535,162.9336447,343.8974775,125.9142722,147.2568116
England,1766,310.194105,173.3632273,341.6638395,126.4769646,149.4457842
England,1767,249.8565044,168.652158,332.9029092,126.7762325,145.6534761
England,1768,231.2559354,170.389953,349.6910069,127.09551,145.9376162
England,1769,283.9109039,182.5405112,365.2020523,127.9197424,151.5036769
England,1770,335.4461538,183.5346161,352.8211816,128.8038495,153.3151944
England,1771,302.8636473,180.8290976,404.4584966,129.6064304,153.2038182
England,1772,304.3984221,182.9525634,363.9932829,130.5697457,154.2559655
England,1773,264.0465417,176.9924765,367.8675786,131.5725546,151.7253756
England,1774,251.8611848,182.7316508,423.7519248,132.5140055,153.6813677
England,1775,297.0115725,173.3666554,480.8826609,133.8979413,155.2071524
England,1776,486.9523167,182.9701775,477.1215866,135.1598034,163.2224851
England,1777,576.0921178,187.6983085,466.0769319,136.4608168,167.5829982
England,1778,650.7341661,176.5408334,420.0939324,137.8814206,167.1964767
England,1779,748.9212289,176.6747889,471.6627513,139.1599784,170.6775447
England,1780,890.5128205,182.2231515,449.7820921,139.8946068,176.249717
England,1781,968.8717949,176.0632417,428.0455412,141.4324112,176.8323781
England,1782,1111.870027,180.0504532,457.8577751,142.5070529,183.7683178
England,1783,706.5951103,188.0047118,424.1548702,142.7777238,175.9974867
England,1784,728.6141636,195.5542584,332.1245598,144.1313681,177.3470595
England,1785,815.9594017,204.2657561,405.5363261,145.4835389,184.1793803
England,1786,371.5384615,208.6429688,457.5773777,147.034592,176.2917433
England,1787,312.1104536,222.0773779,498.383902,148.7641621,180.3886534
England,1788,337.8109769,220.6470994,523.6342715,150.2917198,181.9967652
England,1789,332.3230331,228.5709576,559.0492526,152.2976316,185.9372392
England,1790,353.2754342,238.3778292,564.8224615,154.0414896,191.1303626
England,1791,417.4994702,246.0897487,609.607996,155.9832336,196.37727
England,1792,369.4598571,257.7120809,602.7080422,157.7831036,200.573992
England,1793,478.8352216,255.4296144,565.7669349,159.4413468,201.9753874
England,1794,819.9604072,262.4042841,552.3435751,160.8584933,212.8237334
England,1795,1144.423513,263.6560379,632.8259743,162.6927223,224.607622
England,1796,1178.338328,264.093965,572.2061563,164.3257806,226.6698809
England,1797,1755.483368,256.4178558,562.3913374,166.4946748,239.5361872
England,1798,1250.933818,285.5806404,603.1043382,168.4224626,235.9750618
England,1799,1136.472756,300.1834383,661.3823875,170.4078677,240.7513154
England,1800,1001.006289,314.5076276,632.8487202,171.4569783,244.1219638
England,1801,852.7565139,304.5840397,641.5624474,172.6242412,236.7046899
England,1802,1509.360475,315.9426087,713.5709426,174.0520609,258.1076178
England,1803,1124.407354,303.4069756,736.932872,176.0640755,247.8089401
England,1804,1075.940084,317.311455,755.0073967,178.5143258,252.0525945
England,1805,1258.140853,323.105383,773.8236664,181.2081481,260.8771238
England,1806,1585.081857,318.5554713,852.9813212,183.8534572,270.3443467
England,1807,1676.910592,329.5195167,924.9466941,186.4177809,280.2581113
England,1808,1470.881713,317.8437177,985.4766315,188.8524082,272.3178038
England,1809,1560.413643,349.9590519,1064.092574,191.3358694,285.6675632
England,1810,1577.198075,389.5578268,1098.327301,193.7707722,301.7877032
England,1811,1759.674436,349.5369452,1136.222426,196.3194472,300.5638082
England,1812,1584.099339,343.7286122,1082.585331,199.3228486,293.1148232
England,1813,1656.103854,358.4164142,1095.954138,202.5212828,299.8251864
England,1814,2086.939894,376.235522,1101.524709,205.719938,316.7260988
England,1815,2643.600953,421.8216142,1130.744826,209.1623886,348.5042259
England,1816,2315.563491,390.0237197,1094.762741,212.7025257,332.2683425
England,1817,1091.436865,399.2562801,1039.728761,216.0967524,306.7437594
England,1818,781.5967293,429.5354925,1068.767735,219.4262446,310.1947083
England,1819,859.6486454,402.8383414,1109.455847,222.6097707,307.9788185
England,1820,965.5018421,421.0789392,1166.489397,226.0046686,319.2991558
England,1821,1087.139869,426.3736711,1219.459743,229.7734289,328.0337094
England,1822,1194.739169,451.1624587,1284.586046,233.6724312,341.4422816
England,1823,1050.14417,471.2215307,1285.675665,237.4904802,347.3347293
England,1824,1041.673606,516.6407138,1334.974115,241.048819,364.3165585
England,1825,918.8470946,524.469851,1302.9933,244.4286414,367.2859432
England,1826,1033.50842,499.8805898,1260.610112,247.6624131,362.1064012
England,1827,1099.075502,542.2384949,1268.467682,250.8963696,380.2489951
England,1828,1135.981505,564.7449522,1319.593816,254.4718103,392.3047219
England,1829,1037.386884,563.3056162,1360.765416,257.9662036,392.0843218
England,1830,1037.525165,586.9618067,1348.849442,261.3632776,403.2422698
England,1831,942.1944233,594.8341032,1331.584601,264.9068431,405.39403
England,1832,970.6511853,592.695451,1332.183158,268.0767221,408.8112075
England,1833,963.8394767,614.5741591,1377.747333,271.1167091,418.8669992
England,1834,892.1426335,643.8097745,1416.174305,274.6445815,428.4088633
England,1835,904.1351996,671.9352361,1440.184941,278.3677588,442.1891871
England,1836,1483.804188,716.0052365,1345.718579,282.0911543,471.5607227
England,1837,997.3110114,682.7224019,1319.77002,285.3757257,452.820846
England,1838,845.4190629,761.3900179,1324.774279,288.7742931,473.4508722
England,1839,815.5564803,772.7359688,1276.802056,292.8723201,477.5535833
England,1840,882.760845,821.207279,1294.360502,296.8404904,496.3296232
England,1841,946.1549541,823.7939486,1322.045801,300.4022839,500.288239
England,1842,1054.533774,805.6677731,1353.525453,304.1757099,496.4868194
England,1843,1180.176477,869.5832118,1512.474359,307.9656071,524.8056066
England,1844,1142.645738,942.2315183,1540.719885,311.7394416,552.7206117
England,1845,1054.676665,1022.165838,1645.888916,315.5297442,581.8671862
England,1846,1112.440858,1008.577044,1897.430542,319.3202464,586.8065804
England,1847,1133.820997,1024.577824,1628.11673,323.1109457,583.9354437
England,1848,1500.513182,1102.897217,1764.970018,326.9018399,622.6730194
England,1849,1553.558724,1187.059914,1878.22434,330.6929268,647.5888697
England,1850,1440.863718,1204.719482,2013.939634,334.4842042,654.285666
England,1851,1470.771757,1292.914981,1954.557499,338.666195,681.9922524
England,1852,1391.472409,1324.931033,2103.587754,342.8425134,698.0254827
England,1853,1231.214236,1450.101625,2078.896215,347.0294967,735.9197424
England,1854,1123.446778,1467.30415,1886.482041,351.2272107,738.7048273
England,1855,1666.919226,1440.320167,2012.193701,355.4357218,747.553897
England,1856,2653.418535,1584.737246,1981.768716,359.638706,816.2628153
England,1857,1888.165972,1637.524543,2055.48212,363.8361705,818.9887767
England,1858,1804.084452,1601.827769,2233.567964,368.0609855,807.1939339
England,1859,1591.446738,1724.576061,2342.268998,372.280377,845.2175646
England,1860,1727.924685,1842.910861,2265.305985,376.4778814,883.9830123
England,1861,2054.332909,1820.310536,2136.287253,380.8061437,882.9402936
England,1862,1943.387176,1712.541505,2372.478092,385.9736666,854.892503
England,1863,1847.719176,1822.741121,2359.331794,391.2066018,889.1196567
England,1864,1772.266858,1891.39126,2299.785292,396.5052806,912.1367922
England,1865,1763.564282,2014.332105,2344.657036,401.8700376,954.4970317
England,1866,1702.576156,2158.209088,2435.978017,407.3344413,997.9698481
England,1867,1765.804265,2172.852742,2649.438571,412.8490601,1009.968803
England,1868,1992.614753,2284.174879,2630.430854,418.4641585,1053.107427
England,1869,2316.902874,2313.451707,2530.070971,424.1468551,1070.227559
England,1870,1843.529337,2458.48626,2685.463971,429.9142161,1112.360889
