Entity,Year,Annual Work Hours (The Conference Board Total Economy Database (2016))
Argentina,1950,2034
Argentina,1951,2037.87
Argentina,1952,2041.74
Argentina,1953,2045.62
Argentina,1954,2049.51
Argentina,1955,2053.41
Argentina,1956,2057.31
Argentina,1957,2061.22
Argentina,1958,2065.14
Argentina,1959,2069.07
Argentina,1960,2073
Argentina,1961,2066.2
Argentina,1962,2059.42
Argentina,1963,2052.67
Argentina,1964,2045.94
Argentina,1965,2039.22
Argentina,1966,2032.54
Argentina,1967,2025.87
Argentina,1968,2019.22
Argentina,1969,2012.6
Argentina,1970,2006
Argentina,1971,2002.66
Argentina,1972,1999.33
Argentina,1973,1996
Argentina,1974,1992.84
Argentina,1975,1989.69
Argentina,1976,1986.54
Argentina,1977,1983.4
Argentina,1978,1980.26
Argentina,1979,1977.13
Argentina,1980,1974
Argentina,1981,1961.23
Argentina,1982,1948.54
Argentina,1983,1935.94
Argentina,1984,1923.41
Argentina,1985,1910.97
Argentina,1986,1898.61
Argentina,1987,1886.33
Argentina,1988,1874.12
Argentina,1989,1862
Argentina,1990,1850
Argentina,1991,1837.96
Argentina,1992,1826
Argentina,1993,1850.34
Argentina,1994,1875
Argentina,1995,1898.79
Argentina,1996,1844.88
Argentina,1997,1908.97
Argentina,1998,1903
Argentina,1999,1898.74
Argentina,2000,1864.04
Argentina,2001,1808.82
Argentina,2002,1618.56
Argentina,2003,1732.1
Argentina,2004,1754.55
Argentina,2005,1767.13
Argentina,2006,1807.44
Argentina,2007,1814.03
Argentina,2008,1830.44
Argentina,2009,1753.3
Argentina,2010,1743.19
Argentina,2011,1759.39
Argentina,2012,1754.87
Argentina,2013,1739.85
Argentina,2014,1743.3
Argentina,2015,1743.3
Argentina,2016,1743.3
Armenia,2009,1826
Armenia,2010,1873
Armenia,2011,1842
Armenia,2012,1842
Armenia,2013,1842
Armenia,2014,1842
Armenia,2015,1842
Armenia,2016,1842
Australia,1950,2309.33
Australia,1951,2287.98
Australia,1952,2266.82
Australia,1953,2245.85
Australia,1954,2225.08
Australia,1955,2204.51
Australia,1956,2184.12
Australia,1957,2163.92
Australia,1958,2143.91
Australia,1959,2124.08
Australia,1960,2104.44
Australia,1961,2098.34
Australia,1962,2092.27
Australia,1963,2086.21
Australia,1964,2080.16
Australia,1965,2074.14
Australia,1966,2068.13
Australia,1967,2062.14
Australia,1968,2056.16
Australia,1969,2050.21
Australia,1970,2044.27
Australia,1971,2039.94
Australia,1972,2035.95
Australia,1973,2031.84
Australia,1974,2027.74
Australia,1975,2023.74
Australia,1976,2019.75
Australia,1977,2015.42
Australia,1978,2011.43
Australia,1979,2034.17
Australia,1980,2019.8
Australia,1981,1996.22
Australia,1982,1957.36
Australia,1983,1979.59
Australia,1984,1985.38
Australia,1985,2001.97
Australia,1986,1977.54
Australia,1987,1990.5
Australia,1988,1999.65
Australia,1989,1987.96
Australia,1990,1967.63
Australia,1991,1962
Australia,1992,1971.17
Australia,1993,1981.58
Australia,1994,1995.55
Australia,1995,1994.3
Australia,1996,1982.24
Australia,1997,1980.78
Australia,1998,1978.26
Australia,1999,1983.36
Australia,2000,1968.61
Australia,2001,1925.51
Australia,2002,1904.15
Australia,2003,1904.47
Australia,2004,1905.61
Australia,2005,1890.97
Australia,2006,1872.22
Australia,2007,1863.51
Australia,2008,1842.41
Australia,2009,1822.68
Australia,2010,1816.49
Australia,2011,1814.09
Australia,2012,1808.04
Australia,2013,1801.12
Australia,2014,1793.6
Australia,2015,1795.21
Australia,2016,1785.58
Austria,1950,2096.25
Austria,1951,2093.58
Austria,1952,2090.92
Austria,1953,2088.26
Austria,1954,2085.6
Austria,1955,2082.95
Austria,1956,2080.3
Austria,1957,2077.65
Austria,1958,2075.01
Austria,1959,2072.37
Austria,1960,2069.73
Austria,1961,2057.01
Austria,1962,2044.37
Austria,1963,2031.81
Austria,1964,2019.33
Austria,1965,2006.92
Austria,1966,1994.59
Austria,1967,1982.34
Austria,1968,1970.16
Austria,1969,1958.05
Austria,1970,1899.73
Austria,1971,1894.85
Austria,1972,1915.42
Austria,1973,1910.37
Austria,1974,1988.7
Austria,1975,1913.63
Austria,1976,1907.67
Austria,1977,1914.45
Austria,1978,1853.42
Austria,1979,1886.2
Austria,1980,1890.58
Austria,1981,1828.37
Austria,1982,1844.43
Austria,1983,1839.2
Austria,1984,1835.19
Austria,1985,1830.77
Austria,1986,1829.95
Austria,1987,1817.89
Austria,1988,1821.32
Austria,1989,1834.5
Austria,1990,1835.29
Austria,1991,1845.76
Austria,1992,1814.09
Austria,1993,1811.44
Austria,1994,1809.67
Austria,1995,1783.44
Austria,1996,1816.29
Austria,1997,1825.01
Austria,1998,1803.3
Austria,1999,1807.01
Austria,2000,1807.36
Austria,2001,1794.62
Austria,2002,1792.22
Austria,2003,1783.77
Austria,2004,1786.81
Austria,2005,1763.98
Austria,2006,1746.21
Austria,2007,1736.03
Austria,2008,1728.47
Austria,2009,1673
Austria,2010,1668.64
Austria,2011,1675.88
Austria,2012,1652.87
Austria,2013,1636.7
Austria,2014,1629.37
Austria,2015,1624.92
Austria,2016,1623.29
Bangladesh,1970,2127.45
Bangladesh,1971,2125.38
Bangladesh,1972,2123.33
Bangladesh,1973,2122.11
Bangladesh,1974,2121.72
Bangladesh,1975,2122.15
Bangladesh,1976,2122.57
Bangladesh,1977,2122.98
Bangladesh,1978,2123.39
Bangladesh,1979,2123.8
Bangladesh,1980,2124.2
Bangladesh,1981,2125.18
Bangladesh,1982,2125.31
Bangladesh,1983,2126.02
Bangladesh,1984,2113.66
Bangladesh,1985,2088.4
Bangladesh,1986,2048.93
Bangladesh,1987,2012.32
Bangladesh,1988,1975.01
Bangladesh,1989,1968.62
Bangladesh,1990,1993.44
Bangladesh,1991,2033.34
Bangladesh,1992,2045.07
Bangladesh,1993,2041.13
Bangladesh,1994,2037.17
Bangladesh,1995,2033.18
Bangladesh,1996,2028.12
Bangladesh,1997,2024.61
Bangladesh,1998,2019.9
Bangladesh,1999,2017.57
Bangladesh,2000,2016.01
Bangladesh,2001,2028.2
Bangladesh,2002,2045.8
Bangladesh,2003,2084.38
Bangladesh,2004,2163.66
Bangladesh,2005,2266.94
Bangladesh,2006,2342.02
Bangladesh,2007,2373.3
Bangladesh,2008,2372.98
Bangladesh,2009,2372.66
Bangladesh,2010,2372.34
Bangladesh,2011,2372.02
Bangladesh,2012,2371.69
Bangladesh,2013,2371.81
Bangladesh,2014,2371.81
Bangladesh,2015,2371.81
Bangladesh,2016,2371.81
Barbados,1991,1658.11
Barbados,1992,1638.22
Barbados,1993,1660.33
Barbados,1994,1675.11
Barbados,1995,1694.75
Barbados,1996,1717.11
Barbados,1997,1727.74
Barbados,1998,1728.6
Barbados,1999,1733.95
Barbados,2000,1753.25
Barbados,2001,1764.27
Barbados,2002,1727.51
Barbados,2003,1743.33
Barbados,2004,1731.27
Barbados,2005,1727.93
Barbados,2006,1729.8
Barbados,2007,1733.89
Barbados,2008,1744.28
Barbados,2009,1694.11
Barbados,2010,1691.12
Barbados,2011,1697.55
Barbados,2012,1674.46
Barbados,2013,1662.31
Barbados,2014,1655.12
Barbados,2015,1655.12
Barbados,2016,1655.12
Belgium,1950,2105.62
Belgium,1951,2095.34
Belgium,1952,2085.12
Belgium,1953,2074.94
Belgium,1954,2064.82
Belgium,1955,2054.74
Belgium,1956,2044.71
Belgium,1957,2034.73
Belgium,1958,2024.8
Belgium,1959,2014.92
Belgium,1960,2005.09
Belgium,1961,1993.19
Belgium,1962,1981.37
Belgium,1963,1969.62
Belgium,1964,1957.93
Belgium,1965,1946.32
Belgium,1966,1934.77
Belgium,1967,1923.3
Belgium,1968,1911.89
Belgium,1969,1900.55
Belgium,1970,1889.27
Belgium,1971,1880.18
Belgium,1972,1854.05
Belgium,1973,1827.17
Belgium,1974,1796.96
Belgium,1975,1786.85
Belgium,1976,1788.43
Belgium,1977,1762.27
Belgium,1978,1743.73
Belgium,1979,1726.55
Belgium,1980,1706.64
Belgium,1981,1683.91
Belgium,1982,1669.48
Belgium,1983,1675.43
Belgium,1984,1699.51
Belgium,1985,1705.54
Belgium,1986,1685.46
Belgium,1987,1670.43
Belgium,1988,1658.39
Belgium,1989,1649.35
Belgium,1990,1663.4
Belgium,1991,1626.29
Belgium,1992,1603.22
Belgium,1993,1559.07
Belgium,1994,1559.07
Belgium,1995,1585.14
Belgium,1996,1559.05
Belgium,1997,1572.1
Belgium,1998,1583.15
Belgium,1999,1582.49
Belgium,2000,1594.85
Belgium,2001,1588.37
Belgium,2002,1582.72
Belgium,2003,1577.79
Belgium,2004,1572.96
Belgium,2005,1565.43
Belgium,2006,1572.25
Belgium,2007,1576.66
Belgium,2008,1569.98
Belgium,2009,1548.12
Belgium,2010,1545.85
Belgium,2011,1559.62
Belgium,2012,1560.05
Belgium,2013,1558.1
Belgium,2014,1560.04
Belgium,2015,1558.28
Belgium,2016,1558.28
Brazil,1950,2042
Brazil,1951,2051.02
Brazil,1952,2060.08
Brazil,1953,2069.18
Brazil,1954,2078.31
Brazil,1955,2087.49
Brazil,1956,2096.71
Brazil,1957,2105.97
Brazil,1958,2115.27
Brazil,1959,2124.62
Brazil,1960,2134
Brazil,1961,2135.1
Brazil,1962,2136.2
Brazil,1963,2137.29
Brazil,1964,2138.39
Brazil,1965,2139.49
Brazil,1966,2140.59
Brazil,1967,2141.69
Brazil,1968,2142.8
Brazil,1969,2143.9
Brazil,1970,2145
Brazil,1971,2128.54
Brazil,1972,2112.21
Brazil,1973,2096
Brazil,1974,2079.77
Brazil,1975,2063.67
Brazil,1976,2047.69
Brazil,1977,2031.83
Brazil,1978,2016.1
Brazil,1979,2000.49
Brazil,1980,1985
Brazil,1981,1974.1
Brazil,1982,1963.25
Brazil,1983,1952.47
Brazil,1984,1941.75
Brazil,1985,1931.08
Brazil,1986,1920.47
Brazil,1987,1909.92
Brazil,1988,1899.43
Brazil,1989,1889
Brazil,1990,1879
Brazil,1991,1868.47
Brazil,1992,1858
Brazil,1993,1859
Brazil,1994,1860
Brazil,1995,1855.23
Brazil,1996,1850.48
Brazil,1997,1845.73
Brazil,1998,1841
Brazil,1999,1851.7
Brazil,2000,1826.78
Brazil,2001,1806.77
Brazil,2002,1769.12
Brazil,2003,1785.32
Brazil,2004,1772.97
Brazil,2005,1769.56
Brazil,2006,1771.47
Brazil,2007,1775.66
Brazil,2008,1786.3
Brazil,2009,1734.92
Brazil,2010,1731.86
Brazil,2011,1738.44
Brazil,2012,1714.8
Brazil,2013,1702.35
Brazil,2014,1694.99
Brazil,2015,1694.99
Brazil,2016,1694.99
Bulgaria,1990,1727.29
Bulgaria,1991,1721.05
Bulgaria,1992,1698.22
Bulgaria,1993,1697.43
Bulgaria,1994,1719.1
Bulgaria,1995,1710.67
Bulgaria,1996,1708.2
Bulgaria,1997,1706.87
Bulgaria,1998,1649.98
Bulgaria,1999,1669.5
Bulgaria,2000,1640.25
Bulgaria,2001,1651.86
Bulgaria,2002,1651.26
Bulgaria,2003,1640.51
Bulgaria,2004,1663.69
Bulgaria,2005,1658.65
Bulgaria,2006,1654.1
Bulgaria,2007,1654.52
Bulgaria,2008,1693.6
Bulgaria,2009,1646.28
Bulgaria,2010,1644.84
Bulgaria,2011,1643.59
Bulgaria,2012,1644.45
Bulgaria,2013,1644.98
Bulgaria,2014,1644.06
Bulgaria,2015,1644.39
Bulgaria,2016,1644.39
Cambodia,1993,2327.63
Cambodia,1994,2295.27
Cambodia,1995,2324
Cambodia,1996,2329.09
Cambodia,1997,2340.25
Cambodia,1998,2380.14
Cambodia,1999,2408.35
Cambodia,2000,2442.31
Cambodia,2001,2468.39
Cambodia,2002,2518.16
Cambodia,2003,2517.42
Cambodia,2004,2525.87
Cambodia,2005,2525.28
Cambodia,2006,2525.68
Cambodia,2007,2532.97
Cambodia,2008,2534.44
Cambodia,2009,2540.97
Cambodia,2010,2541.11
Cambodia,2011,2554.27
Cambodia,2012,2565.13
Cambodia,2013,2565.01
Cambodia,2014,2565.01
Cambodia,2015,2565.01
Cambodia,2016,2565.01
Canada,1950,2076.52
Canada,1951,2077.93
Canada,1952,2079.33
Canada,1953,2080.74
Canada,1954,2082.14
Canada,1955,2083.55
Canada,1956,2084.96
Canada,1957,2086.36
Canada,1958,2087.77
Canada,1959,2089.18
Canada,1960,2090.6
Canada,1961,2092.01
Canada,1962,2090.99
Canada,1963,2073.72
Canada,1964,2065.59
Canada,1965,2048.32
Canada,1966,2033.08
Canada,1967,2024.95
Canada,1968,1989.39
Canada,1969,1974.15
Canada,1970,1955.86
Canada,1971,1941.17
Canada,1972,1923.98
Canada,1973,1913.97
Canada,1974,1899.12
Canada,1975,1872.69
Canada,1976,1845.08
Canada,1977,1822.74
Canada,1978,1820.31
Canada,1979,1826.33
Canada,1980,1815.05
Canada,1981,1800.84
Canada,1982,1777.62
Canada,1983,1768.82
Canada,1984,1778.16
Canada,1985,1787.84
Canada,1986,1786.48
Canada,1987,1800.45
Canada,1988,1805.66
Canada,1989,1799.56
Canada,1990,1791.88
Canada,1991,1768.98
Canada,1992,1767.12
Canada,1993,1770.03
Canada,1994,1778.54
Canada,1995,1775.93
Canada,1996,1791.01
Canada,1997,1784.22
Canada,1998,1780.13
Canada,1999,1780.92
Canada,2000,1779.13
Canada,2001,1767.99
Canada,2002,1749.47
Canada,2003,1732.14
Canada,2004,1751.06
Canada,2005,1739.18
Canada,2006,1733.23
Canada,2007,1724.69
Canada,2008,1713.39
Canada,2009,1678.52
Canada,2010,1685.54
Canada,2011,1683.57
Canada,2012,1692.85
Canada,2013,1682.74
Canada,2014,1687.78
Canada,2015,1691.16
Canada,2016,1692.85
Chile,1950,2501.75
Chile,1951,2480.49
Chile,1952,2459.4
Chile,1953,2438.5
Chile,1954,2417.77
Chile,1955,2397.21
Chile,1956,2376.84
Chile,1957,2356.63
Chile,1958,2336.6
Chile,1959,2316.74
Chile,1960,2297.04
Chile,1961,2289.12
Chile,1962,2281.22
Chile,1963,2273.35
Chile,1964,2265.5
Chile,1965,2257.69
Chile,1966,2249.9
Chile,1967,2242.13
Chile,1968,2234.4
Chile,1969,2226.69
Chile,1970,2219.01
Chile,1971,2216.36
Chile,1972,2213.72
Chile,1973,2211.09
Chile,1974,2208.33
Chile,1975,2205.58
Chile,1976,2202.83
Chile,1977,2200.08
Chile,1978,2197.34
Chile,1979,2194.6
Chile,1980,2191.86
Chile,1981,2196.97
Chile,1982,2202.08
Chile,1983,2207.21
Chile,1984,2212.35
Chile,1985,2217.5
Chile,1986,2222.67
Chile,1987,2227.84
Chile,1988,2233.03
Chile,1989,2238.23
Chile,1990,2243.89
Chile,1991,2248.96
Chile,1992,2254.04
Chile,1993,2259.14
Chile,1994,2264.25
Chile,1995,2280.7
Chile,1996,2313
Chile,1997,2256
Chile,1998,2299
Chile,1999,2277
Chile,2000,2263
Chile,2001,2242
Chile,2002,2250
Chile,2003,2235
Chile,2004,2232
Chile,2005,2157
Chile,2006,2165
Chile,2007,2128
Chile,2008,2095
Chile,2009,2074
Chile,2010,2068
Chile,2011,2047
Chile,2012,2024
Chile,2013,2015
Chile,2014,1990
Chile,2015,1990
Chile,2016,1990
Colombia,1950,2323
Colombia,1951,2312.28
Colombia,1952,2301.61
Colombia,1953,2290.99
Colombia,1954,2280.42
Colombia,1955,2269.89
Colombia,1956,2259.42
Colombia,1957,2248.99
Colombia,1958,2238.61
Colombia,1959,2228.28
Colombia,1960,2218
Colombia,1961,2213.15
Colombia,1962,2208.32
Colombia,1963,2203.49
Colombia,1964,2198.67
Colombia,1965,2193.87
Colombia,1966,2189.07
Colombia,1967,2184.29
Colombia,1968,2179.52
Colombia,1969,2174.75
Colombia,1970,2170
Colombia,1971,2160.29
Colombia,1972,2150.62
Colombia,1973,2141
Colombia,1974,2131.3
Colombia,1975,2121.64
Colombia,1976,2112.02
Colombia,1977,2102.45
Colombia,1978,2092.93
Colombia,1979,2083.44
Colombia,1980,2074
Colombia,1981,2063.22
Colombia,1982,2052.5
Colombia,1983,2041.84
Colombia,1984,2031.23
Colombia,1985,2020.67
Colombia,1986,2010.17
Colombia,1987,1999.73
Colombia,1988,1989.34
Colombia,1989,1979
Colombia,1990,1969
Colombia,1991,1958.97
Colombia,1992,1949
Colombia,1993,1961.96
Colombia,1994,1975
Colombia,1995,1970.23
Colombia,1996,1965.48
Colombia,1997,1960.73
Colombia,1998,1956
Colombia,1999,1941.86
Colombia,2000,1883.65
Colombia,2001,1876.72
Colombia,2002,1869.81
Colombia,2003,1862.93
Colombia,2004,1856.08
Colombia,2005,1849.25
Colombia,2006,1842.45
Colombia,2007,1835.67
Colombia,2008,1828.91
Colombia,2009,1822.18
Colombia,2010,1815.48
Colombia,2011,1808.8
Colombia,2012,1783.85
Colombia,2013,1770.9
Colombia,2014,1763.25
Colombia,2015,1763.25
Colombia,2016,1763.25
Costa Rica,1987,2398.37
Costa Rica,1988,2388.05
Costa Rica,1989,2367.42
Costa Rica,1990,2370.68
Costa Rica,1991,2373.94
Costa Rica,1992,2377.21
Costa Rica,1993,2380.49
Costa Rica,1994,2383.76
Costa Rica,1995,2387.05
Costa Rica,1996,2390.33
Costa Rica,1997,2393.62
Costa Rica,1998,2396.92
Costa Rica,1999,2400.22
Costa Rica,2000,2403.52
Costa Rica,2001,2424.16
Costa Rica,2002,2424.16
Costa Rica,2003,2424.16
Costa Rica,2004,2351.95
Costa Rica,2005,2326.16
Costa Rica,2006,2326.16
Costa Rica,2007,2398.37
Costa Rica,2008,2417.97
Costa Rica,2009,2368.99
Costa Rica,2010,2321
Costa Rica,2011,2354
Costa Rica,2012,2287
Costa Rica,2013,2223
Costa Rica,2014,2216
Costa Rica,2015,2216
Costa Rica,2016,2216
Cyprus,1950,2089.86
Cyprus,1951,2081.22
Cyprus,1952,2072.61
Cyprus,1953,2064.04
Cyprus,1954,2055.51
Cyprus,1955,2047.01
Cyprus,1956,2038.54
Cyprus,1957,2030.11
Cyprus,1958,2021.72
Cyprus,1959,2013.36
Cyprus,1960,2005.03
Cyprus,1961,1996.12
Cyprus,1962,1987.25
Cyprus,1963,1978.42
Cyprus,1964,1969.62
Cyprus,1965,1960.87
Cyprus,1966,1952.15
Cyprus,1967,1943.48
Cyprus,1968,1934.84
Cyprus,1969,1926.24
Cyprus,1970,1888.71
Cyprus,1971,1889.58
Cyprus,1972,1890.92
Cyprus,1973,1892.22
Cyprus,1974,1893.5
Cyprus,1975,1894.73
Cyprus,1976,1895.93
Cyprus,1977,1897.09
Cyprus,1978,1898.58
Cyprus,1979,1899.88
Cyprus,1980,1900.46
Cyprus,1981,1900.54
Cyprus,1982,1900.19
Cyprus,1983,1897.91
Cyprus,1984,1897.58
Cyprus,1985,1896.65
Cyprus,1986,1896.96
Cyprus,1987,1899
Cyprus,1988,1896.46
Cyprus,1989,1898.31
Cyprus,1990,1900.39
Cyprus,1991,1901.53
Cyprus,1992,1901.51
Cyprus,1993,1900.86
Cyprus,1994,1899.11
Cyprus,1995,1899.57
Cyprus,1996,1898.6
Cyprus,1997,1906.27
Cyprus,1998,1912.54
Cyprus,1999,1919.71
Cyprus,2000,1926.39
Cyprus,2001,1950.89
Cyprus,2002,1923.21
Cyprus,2003,1916.1
Cyprus,2004,1878.6
Cyprus,2005,1842.22
Cyprus,2006,1833.6
Cyprus,2007,1862.54
Cyprus,2008,1882.17
Cyprus,2009,1870.04
Cyprus,2010,1856.07
Cyprus,2011,1841.33
Cyprus,2012,1834.63
Cyprus,2013,1806.22
Cyprus,2014,1795.59
Cyprus,2015,1793.05
Cyprus,2016,1793.05
Czech Republic,1990,1889.71
Czech Republic,1991,1882.88
Czech Republic,1992,1857.9
Czech Republic,1993,1857.04
Czech Republic,1994,1839.04
Czech Republic,1995,1858.04
Czech Republic,1996,1852.49
Czech Republic,1997,1857.68
Czech Republic,1998,1877.33
Czech Republic,1999,1893.49
Czech Republic,2000,1895.66
Czech Republic,2001,1818.18
Czech Republic,2002,1816.5
Czech Republic,2003,1805.81
Czech Republic,2004,1816.95
Czech Republic,2005,1817.01
Czech Republic,2006,1798.98
Czech Republic,2007,1784.28
Czech Republic,2008,1789.68
Czech Republic,2009,1778.75
Czech Republic,2010,1799.62
Czech Republic,2011,1805.62
Czech Republic,2012,1776.13
Czech Republic,2013,1762.94
Czech Republic,2014,1770.69
Czech Republic,2015,1781.88
Czech Republic,2016,1792.58
Denmark,1950,2087.23
Denmark,1951,2072.51
Denmark,1952,2057.89
Denmark,1953,2043.38
Denmark,1954,2028.97
Denmark,1955,2014.66
Denmark,1956,2000.45
Denmark,1957,1986.34
Denmark,1958,1972.33
Denmark,1959,1958.42
Denmark,1960,1944.61
Denmark,1961,1957.71
Denmark,1962,1970.9
Denmark,1963,1984.18
Denmark,1964,1997.54
Denmark,1965,2011
Denmark,1966,2024.55
Denmark,1967,1995.19
Denmark,1968,1949.79
Denmark,1969,1909.75
Denmark,1970,1884.16
Denmark,1971,1847.07
Denmark,1972,1787.03
Denmark,1973,1743.66
Denmark,1974,1724.8
Denmark,1975,1647.8
Denmark,1976,1654.54
Denmark,1977,1628.86
Denmark,1978,1605.09
Denmark,1979,1592.62
Denmark,1980,1604.73
Denmark,1981,1572.02
Denmark,1982,1577.68
Denmark,1983,1570.3
Denmark,1984,1566.79
Denmark,1985,1553.36
Denmark,1986,1557.31
Denmark,1987,1518.8
Denmark,1988,1495.85
Denmark,1989,1478.76
Denmark,1990,1463.34
Denmark,1991,1459.77
Denmark,1992,1475.4
Denmark,1993,1472.37
Denmark,1994,1426.14
Denmark,1995,1439.92
Denmark,1996,1433.41
Denmark,1997,1449.07
Denmark,1998,1462.9
Denmark,1999,1479.48
Denmark,2000,1489.57
Denmark,2001,1492.98
Denmark,2002,1487.24
Denmark,2003,1481.55
Denmark,2004,1481.13
Denmark,2005,1473.69
Denmark,2006,1478.51
Denmark,2007,1455.52
Denmark,2008,1449.76
Denmark,2009,1446.37
Denmark,2010,1435.9
Denmark,2011,1455.16
Denmark,2012,1437.47
Denmark,2013,1457.31
Denmark,2014,1458.08
Denmark,2015,1455.46
Denmark,2016,1454
Ecuador,1995,1943
Ecuador,1996,1936.31
Ecuador,1997,1929.64
Ecuador,1998,1923
Ecuador,1999,1928.53
Ecuador,2000,1934.07
Ecuador,2001,1939.63
Ecuador,2002,1945.2
Ecuador,2003,1950.79
Ecuador,2004,1956.4
Ecuador,2005,2289.59
Ecuador,2006,2265.09
Ecuador,2007,2239.05
Ecuador,2008,2213.31
Ecuador,2009,2187.87
Ecuador,2010,2162.72
Ecuador,2011,2137.86
Ecuador,2012,2137.86
Ecuador,2013,2085.71
Ecuador,2014,2085.71
Ecuador,2015,2085.71
Ecuador,2016,2085.71
Estonia,1990,1870.66
Estonia,1991,1863.91
Estonia,1992,1839.18
Estonia,1993,1838.32
Estonia,1994,1861.79
Estonia,1995,1852.67
Estonia,1996,1850.19
Estonia,1997,1856.24
Estonia,1998,1906.49
Estonia,1999,1849.09
Estonia,2000,1977.87
Estonia,2001,1970.5
Estonia,2002,1972.69
Estonia,2003,1978.33
Estonia,2004,1986.46
Estonia,2005,2008.37
Estonia,2006,2000.99
Estonia,2007,1998.48
Estonia,2008,1967.77
Estonia,2009,1832.14
Estonia,2010,1874.7
Estonia,2011,1918.86
Estonia,2012,1885.69
Estonia,2013,1865.84
Estonia,2014,1859.43
Estonia,2015,1851.62
Estonia,2016,1849.76
Finland,1950,2053.05
Finland,1951,2053.65
Finland,1952,2054.26
Finland,1953,2054.86
Finland,1954,2055.47
Finland,1955,2056.07
Finland,1956,2056.68
Finland,1957,2057.28
Finland,1958,2057.89
Finland,1959,2058.49
Finland,1960,2059.1
Finland,1961,2058.1
Finland,1962,2051.11
Finland,1963,2047.11
Finland,1964,2073.09
Finland,1965,2073.09
Finland,1966,2048.11
Finland,1967,2031.13
Finland,1968,2015.14
Finland,1969,1996.16
Finland,1970,1980.17
Finland,1971,1945.24
Finland,1972,1929.24
Finland,1973,1913.24
Finland,1974,1907.28
Finland,1975,1899.14
Finland,1976,1896.13
Finland,1977,1887.84
Finland,1978,1893.26
Finland,1979,1869.14
Finland,1980,1849.19
Finland,1981,1854.79
Finland,1982,1840.27
Finland,1983,1822.64
Finland,1984,1813.7
Finland,1985,1813.3
Finland,1986,1792.59
Finland,1987,1798.13
Finland,1988,1806.18
Finland,1989,1802.14
Finland,1990,1769.12
Finland,1991,1747.44
Finland,1992,1752.76
Finland,1993,1755.34
Finland,1994,1774.84
Finland,1995,1776.05
Finland,1996,1774.89
Finland,1997,1764.72
Finland,1998,1754.4
Finland,1999,1757.26
Finland,2000,1742.07
Finland,2001,1722.59
Finland,2002,1713.78
Finland,2003,1705.28
Finland,2004,1707.32
Finland,2005,1697.09
Finland,2006,1692.9
Finland,2007,1691.49
Finland,2008,1684.51
Finland,2009,1660.66
Finland,2010,1667.77
Finland,2011,1662.45
Finland,2012,1650.26
Finland,2013,1639.59
Finland,2014,1642.86
Finland,2015,1646.28
Finland,2016,1649.57
France,1950,2293.52
France,1951,2313.34
France,1952,2295.88
France,1953,2274.78
France,1954,2288.05
France,1955,2270.5
France,1956,2217.86
France,1957,2190.43
France,1958,2177.35
France,1959,2180.24
France,1960,2190.88
France,1961,2169.13
France,1962,2183.5
France,1963,2167.16
France,1964,2175.71
France,1965,2163.41
France,1966,2156.18
France,1967,2122.76
France,1968,2099.75
France,1969,2025.78
France,1970,2007.35
France,1971,2005.73
France,1972,1952.93
France,1973,1937.45
France,1974,1905.65
France,1975,1879.5
France,1976,1906.2
France,1977,1867.34
France,1978,1835.85
France,1979,1832.47
France,1980,1823.31
France,1981,1803.07
France,1982,1729.78
France,1983,1711.87
France,1984,1705.29
France,1985,1669.88
France,1986,1664.65
France,1987,1676.5
France,1988,1685.65
France,1989,1669.86
France,1990,1664.79
France,1991,1654.57
France,1992,1656.06
France,1993,1640.99
France,1994,1630.29
France,1995,1604.75
France,1996,1606.2
France,1997,1596.24
France,1998,1582.72
France,1999,1571.73
France,2000,1534.77
France,2001,1525.98
France,2002,1487.29
France,2003,1484.37
France,2004,1513.21
France,2005,1507.43
France,2006,1484.01
France,2007,1500.26
France,2008,1507.18
France,2009,1489
France,2010,1493.75
France,2011,1496.14
France,2012,1490.22
France,2013,1474.32
France,2014,1473.46
France,2015,1474.04
France,2016,1474.04
Germany,1950,2427.43
Germany,1951,2401.6
Germany,1952,2376.04
Germany,1953,2350.75
Germany,1954,2325.73
Germany,1955,2300.98
Germany,1956,2276.49
Germany,1957,2252.27
Germany,1958,2228.3
Germany,1959,2204.58
Germany,1960,2181.12
Germany,1961,2154.5
Germany,1962,2117.4
Germany,1963,2086.95
Germany,1964,2098.45
Germany,1965,2084.23
Germany,1966,2057.92
Germany,1967,2020.21
Germany,1968,2007.71
Germany,1969,1987.94
Germany,1970,1972.52
Germany,1971,1940.56
Germany,1972,1915.45
Germany,1973,1884.9
Germany,1974,1851.63
Germany,1975,1811.91
Germany,1976,1824.31
Germany,1977,1806.25
Germany,1978,1787.2
Germany,1979,1775.16
Germany,1980,1756.11
Germany,1981,1734.04
Germany,1982,1723.01
Germany,1983,1709.97
Germany,1984,1698.94
Germany,1985,1675.87
Germany,1986,1656.82
Germany,1987,1633.75
Germany,1988,1628.74
Germany,1989,1605.67
Germany,1990,1582.6
Germany,1991,1553.52
Germany,1992,1564.72
Germany,1993,1541.58
Germany,1994,1537.25
Germany,1995,1527.98
Germany,1996,1510.5
Germany,1997,1499.64
Germany,1998,1493.58
Germany,1999,1478.72
Germany,2000,1452.01
Germany,2001,1441.91
Germany,2002,1430.86
Germany,2003,1424.74
Germany,2004,1422.22
Germany,2005,1411.28
Germany,2006,1424.68
Germany,2007,1424.35
Germany,2008,1418.4
Germany,2009,1372.71
Germany,2010,1389.88
Germany,2011,1392.81
Germany,2012,1375.3
Germany,2013,1361.72
Germany,2014,1366.39
Germany,2015,1371.19
Germany,2016,1376.41
Greece,1950,2322.15
Greece,1951,2312.55
Greece,1952,2302.99
Greece,1953,2293.46
Greece,1954,2283.98
Greece,1955,2274.54
Greece,1956,2265.13
Greece,1957,2255.76
Greece,1958,2246.43
Greece,1959,2237.14
Greece,1960,2227.89
Greece,1961,2217.99
Greece,1962,2208.13
Greece,1963,2198.32
Greece,1964,2188.55
Greece,1965,2178.82
Greece,1966,2169.14
Greece,1967,2159.5
Greece,1968,2149.9
Greece,1969,2140.34
Greece,1970,2098.64
Greece,1971,2099.6
Greece,1972,2101.09
Greece,1973,2102.55
Greece,1974,2103.96
Greece,1975,2105.33
Greece,1976,2106.67
Greece,1977,2107.95
Greece,1978,2109.61
Greece,1979,2111.05
Greece,1980,2111.7
Greece,1981,2111.78
Greece,1982,2111.39
Greece,1983,2108.87
Greece,1984,2108.5
Greece,1985,2107.47
Greece,1986,2107.81
Greece,1987,2110.07
Greece,1988,2107.25
Greece,1989,2109.3
Greece,1990,2111.62
Greece,1991,2112.89
Greece,1992,2112.87
Greece,1993,2112.14
Greece,1994,2110.2
Greece,1995,2110.71
Greece,1996,2109.4
Greece,1997,2107.94
Greece,1998,2108.43
Greece,1999,2104.85
Greece,2000,2107.64
Greece,2001,2101.13
Greece,2002,2093.22
Greece,2003,2091.48
Greece,2004,2082.55
Greece,2005,2136.24
Greece,2006,2125.34
Greece,2007,2110.99
Greece,2008,2106.26
Greece,2009,2081.21
Greece,2010,2019.57
Greece,2011,2037.7
Greece,2012,2055.37
Greece,2013,2062.99
Greece,2014,2025.97
Greece,2015,2042.2
Greece,2016,2064.67
Hong Kong,1950,2849.49
Hong Kong,1951,2828.19
Hong Kong,1952,2807.05
Hong Kong,1953,2786.07
Hong Kong,1954,2765.25
Hong Kong,1955,2744.58
Hong Kong,1956,2724.06
Hong Kong,1957,2703.7
Hong Kong,1958,2683.49
Hong Kong,1959,2663.43
Hong Kong,1960,2643.52
Hong Kong,1961,2623.77
Hong Kong,1962,2604.15
Hong Kong,1963,2584.69
Hong Kong,1964,2565.37
Hong Kong,1965,2546.19
Hong Kong,1966,2527.16
Hong Kong,1967,2508.27
Hong Kong,1968,2489.52
Hong Kong,1969,2470.92
Hong Kong,1970,2452.45
Hong Kong,1971,2453.43
Hong Kong,1972,2452.29
Hong Kong,1973,2451.17
Hong Kong,1974,2450.07
Hong Kong,1975,2448.98
Hong Kong,1976,2447.49
Hong Kong,1977,2448.08
Hong Kong,1978,2448.64
Hong Kong,1979,2424.59
Hong Kong,1980,2376.63
Hong Kong,1981,2346.37
Hong Kong,1982,2327.4
Hong Kong,1983,2313.88
Hong Kong,1984,2302.37
Hong Kong,1985,2284.5
Hong Kong,1986,2289.12
Hong Kong,1987,2254.24
Hong Kong,1988,2308.75
Hong Kong,1989,2249.68
Hong Kong,1990,2235.39
Hong Kong,1991,2252.28
Hong Kong,1992,2169.09
Hong Kong,1993,2235.37
Hong Kong,1994,2237.11
Hong Kong,1995,2188.61
Hong Kong,1996,2242.28
Hong Kong,1997,2205.26
Hong Kong,1998,2204.27
Hong Kong,1999,2230.14
Hong Kong,2000,2255.88
Hong Kong,2001,2251.39
Hong Kong,2002,2273.09
Hong Kong,2003,2261.48
Hong Kong,2004,2287.15
Hong Kong,2005,2287.91
Hong Kong,2006,2257.56
Hong Kong,2007,2279.02
Hong Kong,2008,2225.44
Hong Kong,2009,2206.7
Hong Kong,2010,2270.87
Hong Kong,2011,2218.75
Hong Kong,2012,2190.42
Hong Kong,2013,2184.09
Hong Kong,2014,2184.09
Hong Kong,2015,2184.09
Hong Kong,2016,2184.09
Hungary,1980,2193.48
Hungary,1981,2192.48
Hungary,1982,2099.5
Hungary,1983,2079.5
Hungary,1984,2007.52
Hungary,1985,1980.53
Hungary,1986,1971.53
Hungary,1987,2015.52
Hungary,1988,2009.52
Hungary,1989,1984.53
Hungary,1990,1944.54
Hungary,1991,1912.54
Hungary,1992,1869.55
Hungary,1993,1869.55
Hungary,1994,2000.52
Hungary,1995,2005.52
Hungary,1996,1999.58
Hungary,1997,2023.4
Hungary,1998,2022.89
Hungary,1999,2040.07
Hungary,2000,2032.85
Hungary,2001,1993.32
Hungary,2002,2005.26
Hungary,2003,1978.17
Hungary,2004,1986.12
Hungary,2005,1986.9
Hungary,2006,1983.48
Hungary,2007,1978.65
Hungary,2008,1981.74
Hungary,2009,1963.08
Hungary,2010,1958.44
Hungary,2011,1975.68
Hungary,2012,1889.17
Hungary,2013,1879.77
Hungary,2014,1859.83
Hungary,2015,1851.98
Hungary,2016,1846.81
Iceland,1950,2716.17
Iceland,1951,2702.41
Iceland,1952,2688.73
Iceland,1953,2675.11
Iceland,1954,2661.57
Iceland,1955,2648.09
Iceland,1956,2634.68
Iceland,1957,2621.34
Iceland,1958,2608.06
Iceland,1959,2594.86
Iceland,1960,2581.72
Iceland,1961,2563.11
Iceland,1962,2544.64
Iceland,1963,2533.16
Iceland,1964,2545.92
Iceland,1965,2518.2
Iceland,1966,2503.55
Iceland,1967,2460.93
Iceland,1968,2404.85
Iceland,1969,2370.92
Iceland,1970,2350.16
Iceland,1971,2304.47
Iceland,1972,2265.18
Iceland,1973,2244.51
Iceland,1974,2215.13
Iceland,1975,2185.72
Iceland,1976,2153.03
Iceland,1977,2103.02
Iceland,1978,2057.22
Iceland,1979,2041.92
Iceland,1980,2029.94
Iceland,1981,2022.3
Iceland,1982,2025.55
Iceland,1983,2025.57
Iceland,1984,2023.39
Iceland,1985,2022.31
Iceland,1986,2013.61
Iceland,1987,2011.39
Iceland,1988,2020.11
Iceland,1989,2014.7
Iceland,1990,2002.72
Iceland,1991,2007
Iceland,1992,2007
Iceland,1993,2025
Iceland,1994,1991
Iceland,1995,1975
Iceland,1996,1996
Iceland,1997,2026
Iceland,1998,2003
Iceland,1999,1979
Iceland,2000,2040
Iceland,2001,2053
Iceland,2002,2012
Iceland,2003,1973
Iceland,2004,1979
Iceland,2005,1970
Iceland,2006,1958
Iceland,2007,1932
Iceland,2008,1934
Iceland,2009,1849
Iceland,2010,1834
Iceland,2011,1878
Iceland,2012,1853
Iceland,2013,1846
Iceland,2014,1864
Iceland,2015,1869.42
Iceland,2016,1869.42
Indonesia,1970,1870.47
Indonesia,1971,1870.44
Indonesia,1972,1870.94
Indonesia,1973,1871.45
Indonesia,1974,1871.95
Indonesia,1975,1872.46
Indonesia,1976,1873.03
Indonesia,1977,1875.67
Indonesia,1978,1872.95
Indonesia,1979,1884.1
Indonesia,1980,1894.86
Indonesia,1981,1893.56
Indonesia,1982,1891.21
Indonesia,1983,1890.27
Indonesia,1984,1889.37
Indonesia,1985,1888.49
Indonesia,1986,1872.88
Indonesia,1987,1871.74
Indonesia,1988,1897.95
Indonesia,1989,1942.34
Indonesia,1990,1920.9
Indonesia,1991,1928.29
Indonesia,1992,1897.54
Indonesia,1993,1905.66
Indonesia,1994,1906.47
Indonesia,1995,1936.36
Indonesia,1996,1917.21
Indonesia,1997,1960.32
Indonesia,1998,1913.36
Indonesia,1999,1931.96
Indonesia,2000,1961.54
Indonesia,2001,1982.37
Indonesia,2002,1962.11
Indonesia,2003,1961.88
Indonesia,2004,2009.61
Indonesia,2005,1991.28
Indonesia,2006,2000.36
Indonesia,2007,2076.84
Indonesia,2008,2068.37
Indonesia,2009,2067.46
Indonesia,2010,2048.51
Indonesia,2011,2055.44
Indonesia,2012,2072.65
Indonesia,2013,2071.06
Indonesia,2014,2071.06
Indonesia,2015,2071.06
Indonesia,2016,2071.06
Ireland,1950,2512.94
Ireland,1951,2500.65
Ireland,1952,2488.42
Ireland,1953,2476.24
Ireland,1954,2464.13
Ireland,1955,2452.07
Ireland,1956,2440.08
Ireland,1957,2428.14
Ireland,1958,2416.26
Ireland,1959,2404.44
Ireland,1960,2392.68
Ireland,1961,2395.75
Ireland,1962,2398.82
Ireland,1963,2401.9
Ireland,1964,2404.98
Ireland,1965,2408.06
Ireland,1966,2411.15
Ireland,1967,2414.24
Ireland,1968,2417.34
Ireland,1969,2420.44
Ireland,1970,2423.54
Ireland,1971,2406.09
Ireland,1972,2385.3
Ireland,1973,2372.07
Ireland,1974,2334.61
Ireland,1975,2324.02
Ireland,1976,2318.74
Ireland,1977,2287.84
Ireland,1978,2267.41
Ireland,1979,2244.9
Ireland,1980,2203.95
Ireland,1981,2171.6
Ireland,1982,2163.9
Ireland,1983,2153.1
Ireland,1984,2135.26
Ireland,1985,2190.16
Ireland,1986,2198.93
Ireland,1987,2172.01
Ireland,1988,2180.88
Ireland,1989,2191.13
Ireland,1990,2182.45
Ireland,1991,2145.16
Ireland,1992,2103.96
Ireland,1993,2076.68
Ireland,1994,2079.55
Ireland,1995,2087.98
Ireland,1996,2095.76
Ireland,1997,2040.09
Ireland,1998,1953.19
Ireland,1999,1941.88
Ireland,2000,1932.72
Ireland,2001,1923.53
Ireland,2002,1904.28
Ireland,2003,1886.79
Ireland,2004,1875.26
Ireland,2005,1883.19
Ireland,2006,1878.81
Ireland,2007,1864.93
Ireland,2008,1843.9
Ireland,2009,1811.8
Ireland,2010,1801.28
Ireland,2011,1801.09
Ireland,2012,1805.56
Ireland,2013,1815.05
Ireland,2014,1821.26
Ireland,2015,1819.54
Ireland,2016,1821.36
Israel,1981,1944.64
Israel,1982,1920.63
Israel,1983,1907.62
Israel,1984,1910.63
Israel,1985,1910.63
Israel,1986,1905.62
Israel,1987,1899.62
Israel,1988,1857.61
Israel,1989,1888.62
Israel,1990,1883.62
Israel,1991,1876.61
Israel,1992,1929.63
Israel,1993,1931.63
Israel,1994,1971.64
Israel,1995,1995.65
Israel,1996,2009.19
Israel,1997,2011
Israel,1998,1986.11
Israel,1999,1997.31
Israel,2000,1998.52
Israel,2001,1971.84
Israel,2002,1989.84
Israel,2003,1977.75
Israel,2004,1957.58
Israel,2005,1948.36
Israel,2006,1936.75
Israel,2007,1950.19
Israel,2008,1944.84
Israel,2009,1945.94
Israel,2010,1941.68
Israel,2011,1932.84
Israel,2012,1906.7
Israel,2013,1899.81
Israel,2014,1884.43
Israel,2015,1884.78
Israel,2016,1886.48
Italy,1950,2107.11
Italy,1951,2113.56
Italy,1952,2120.03
Italy,1953,2126.52
Italy,1954,2133.04
Italy,1955,2139.57
Italy,1956,2146.12
Italy,1957,2152.69
Italy,1958,2159.28
Italy,1959,2165.89
Italy,1960,2172.53
Italy,1961,2155.78
Italy,1962,2106.52
Italy,1963,2091.73
Italy,1964,2085.58
Italy,1965,2027.78
Italy,1966,2046.48
Italy,1967,2071.01
Italy,1968,2064.55
Italy,1969,2063.42
Italy,1970,2042.09
Italy,1971,1989.61
Italy,1972,1970.84
Italy,1973,1954.55
Italy,1974,1923.96
Italy,1975,1908.51
Italy,1976,1906.39
Italy,1977,1871.5
Italy,1978,1861.52
Italy,1979,1854.98
Italy,1980,1856.03
Italy,1981,1862.31
Italy,1982,1873.72
Italy,1983,1872.99
Italy,1984,1862.62
Italy,1985,1859.13
Italy,1986,1867.56
Italy,1987,1886.69
Italy,1988,1890.35
Italy,1989,1874.49
Italy,1990,1863.78
Italy,1991,1856.83
Italy,1992,1859.97
Italy,1993,1859.83
Italy,1994,1853.76
Italy,1995,1856.09
Italy,1996,1866.13
Italy,1997,1860.11
Italy,1998,1873.79
Italy,1999,1870.36
Italy,2000,1850.81
Italy,2001,1837.76
Italy,2002,1826.59
Italy,2003,1815.8
Italy,2004,1815.34
Italy,2005,1812.06
Italy,2006,1812.58
Italy,2007,1818.15
Italy,2008,1807.03
Italy,2009,1775.66
Italy,2010,1777.27
Italy,2011,1773.26
Italy,2012,1734.17
Italy,2013,1719.51
Italy,2014,1718.8
Italy,2015,1724.83
Italy,2016,1728.97
Jamaica,1986,1864.82
Jamaica,1987,1893.67
Jamaica,1988,1915
Jamaica,1989,1972.91
Jamaica,1990,1938.22
Jamaica,1991,1947.97
Jamaica,1992,1963.45
Jamaica,1993,1951.13
Jamaica,1994,1958.88
Jamaica,1995,1948.52
Jamaica,1996,1969.26
Jamaica,1997,1963.95
Jamaica,1998,1999.21
Jamaica,1999,1983.45
Jamaica,2000,1963.45
Jamaica,2001,1970.64
Jamaica,2002,1929.57
Jamaica,2003,1947.24
Jamaica,2004,1933.78
Jamaica,2005,1930.05
Jamaica,2006,1932.14
Jamaica,2007,1936.71
Jamaica,2008,1948.31
Jamaica,2009,1892.27
Jamaica,2010,1888.93
Jamaica,2011,1896.11
Jamaica,2012,1870.33
Jamaica,2013,1856.75
Jamaica,2014,1848.72
Jamaica,2015,1848.72
Jamaica,2016,1848.72
Japan,1950,2130.91
Japan,1951,2112.62
Japan,1952,2094.5
Japan,1953,2076.52
Japan,1954,2108.38
Japan,1955,2135.22
Japan,1956,2188.16
Japan,1957,2212.38
Japan,1958,2238.73
Japan,1959,2262.97
Japan,1960,2280.45
Japan,1961,2282.98
Japan,1962,2259.25
Japan,1963,2252.56
Japan,1964,2260.12
Japan,1965,2240.8
Japan,1966,2249.01
Japan,1967,2263.31
Japan,1968,2267.27
Japan,1969,2253.28
Japan,1970,2243
Japan,1971,2239
Japan,1972,2228
Japan,1973,2201
Japan,1974,2137
Japan,1975,2112
Japan,1976,2128
Japan,1977,2129
Japan,1978,2123
Japan,1979,2126
Japan,1980,2121
Japan,1981,2106
Japan,1982,2104
Japan,1983,2095
Japan,1984,2108
Japan,1985,2093
Japan,1986,2097
Japan,1987,2096
Japan,1988,2092
Japan,1989,2070
Japan,1990,2031
Japan,1991,1998
Japan,1992,1965
Japan,1993,1905
Japan,1994,1898
Japan,1995,1884
Japan,1996,1892
Japan,1997,1865
Japan,1998,1842
Japan,1999,1810
Japan,2000,1821
Japan,2001,1809
Japan,2002,1798
Japan,2003,1799
Japan,2004,1787
Japan,2005,1775
Japan,2006,1784
Japan,2007,1785
Japan,2008,1771
Japan,2009,1714
Japan,2010,1733
Japan,2011,1728
Japan,2012,1745
Japan,2013,1734
Japan,2014,1729
Japan,2015,1729
Japan,2016,1729
Latvia,1990,1995.1
Latvia,1991,1987.9
Latvia,1992,1961.52
Latvia,1993,1960.61
Latvia,1994,1985.64
Latvia,1995,1975.91
Latvia,1996,1975.9
Latvia,1997,1975.92
Latvia,1998,1975.9
Latvia,1999,1975.9
Latvia,2000,1975.79
Latvia,2001,1987.14
Latvia,2002,1937.87
Latvia,2003,1927.73
Latvia,2004,1878.39
Latvia,2005,1905.51
Latvia,2006,1906.83
Latvia,2007,1878.21
Latvia,2008,2002.25
Latvia,2009,1952.22
Latvia,2010,1935.14
Latvia,2011,1951.9
Latvia,2012,1934.28
Latvia,2013,1927.75
Latvia,2014,1938.48
Latvia,2015,1903.48
Latvia,2016,1903.48
Lithuania,1990,1746.15
Lithuania,1991,1739.85
Lithuania,1992,1716.76
Lithuania,1993,1715.97
Lithuania,1994,1737.87
Lithuania,1995,1729.36
Lithuania,1996,1727.04
Lithuania,1997,1732.69
Lithuania,1998,1779.59
Lithuania,1999,1726.01
Lithuania,2000,1846.23
Lithuania,2001,1831.22
Lithuania,2002,1802.17
Lithuania,2003,1785.89
Lithuania,2004,1878.56
Lithuania,2005,1878.97
Lithuania,2006,1874.21
Lithuania,2007,1903.76
Lithuania,2008,1933.57
Lithuania,2009,1862.94
Lithuania,2010,1884.29
Lithuania,2011,1858.87
Lithuania,2012,1857.29
Lithuania,2013,1841.25
Lithuania,2014,1833.53
Lithuania,2015,1859.5
Lithuania,2016,1861.36
Luxembourg,1950,2139.99
Luxembourg,1951,2129.55
Luxembourg,1952,2119.16
Luxembourg,1953,2108.81
Luxembourg,1954,2098.52
Luxembourg,1955,2088.28
Luxembourg,1956,2078.09
Luxembourg,1957,2067.95
Luxembourg,1958,2057.86
Luxembourg,1959,2047.81
Luxembourg,1960,2037.82
Luxembourg,1961,2025.73
Luxembourg,1962,2013.72
Luxembourg,1963,2001.77
Luxembourg,1964,1989.9
Luxembourg,1965,1978.09
Luxembourg,1966,1966.36
Luxembourg,1967,1954.69
Luxembourg,1968,1943.1
Luxembourg,1969,1931.57
Luxembourg,1970,1920.11
Luxembourg,1971,1916.46
Luxembourg,1972,1895.05
Luxembourg,1973,1864.61
Luxembourg,1974,1840.17
Luxembourg,1975,1811.43
Luxembourg,1976,1828.56
Luxembourg,1977,1802.45
Luxembourg,1978,1784.14
Luxembourg,1979,1766.86
Luxembourg,1980,1750
Luxembourg,1981,1724.77
Luxembourg,1982,1706.42
Luxembourg,1983,1700.57
Luxembourg,1984,1686.54
Luxembourg,1985,1700.52
Luxembourg,1986,1692.23
Luxembourg,1987,1690.33
Luxembourg,1988,1711.35
Luxembourg,1989,1699.85
Luxembourg,1990,1699.69
Luxembourg,1991,1681.51
Luxembourg,1992,1660.2
Luxembourg,1993,1666.63
Luxembourg,1994,1644.88
Luxembourg,1995,1656.98
Luxembourg,1996,1630.21
Luxembourg,1997,1617.95
Luxembourg,1998,1611.99
Luxembourg,1999,1609.2
Luxembourg,2000,1602.8
Luxembourg,2001,1586.11
Luxembourg,2002,1580.76
Luxembourg,2003,1579.45
Luxembourg,2004,1578.52
Luxembourg,2005,1554.54
Luxembourg,2006,1556.16
Luxembourg,2007,1569.96
Luxembourg,2008,1570.43
Luxembourg,2009,1519.32
Luxembourg,2010,1520.91
Luxembourg,2011,1519.09
Luxembourg,2012,1513.14
Luxembourg,2013,1503.11
Luxembourg,2014,1508.83
Luxembourg,2015,1507.09
Luxembourg,2016,1519.15
Malaysia,1970,2217.23
Malaysia,1971,2217.23
Malaysia,1972,2217.23
Malaysia,1973,2217.23
Malaysia,1974,2217.23
Malaysia,1975,2217.23
Malaysia,1976,2217.23
Malaysia,1977,2217.23
Malaysia,1978,2217.23
Malaysia,1979,2217.23
Malaysia,1980,2217.23
Malaysia,1981,2217.23
Malaysia,1982,2200.19
Malaysia,1983,2194.68
Malaysia,1984,2185.38
Malaysia,1985,2183.53
Malaysia,1986,2184.65
Malaysia,1987,2177.3
Malaysia,1988,2199.84
Malaysia,1989,2208.84
Malaysia,1990,2245.02
Malaysia,1991,2275.84
Malaysia,1992,2283.3
Malaysia,1993,2284.71
Malaysia,1994,2280.06
Malaysia,1995,2312.06
Malaysia,1996,2337.62
Malaysia,1997,2345.09
Malaysia,1998,2344.38
Malaysia,1999,2337.99
Malaysia,2000,2340.34
Malaysia,2001,2346.43
Malaysia,2002,2352.49
Malaysia,2003,2347.59
Malaysia,2004,2345.96
Malaysia,2005,2344.33
Malaysia,2006,2345.96
Malaysia,2007,2337.8
Malaysia,2008,2323.1
Malaysia,2009,2316.57
Malaysia,2010,2300.25
Malaysia,2011,2287.19
Malaysia,2012,2264.33
Malaysia,2013,2252.9
Malaysia,2014,2252.9
Malaysia,2015,2252.9
Malaysia,2016,2252.9
Malta,1950,2554.08
Malta,1951,2551.53
Malta,1952,2548.98
Malta,1953,2546.43
Malta,1954,2543.89
Malta,1955,2541.34
Malta,1956,2538.81
Malta,1957,2536.27
Malta,1958,2533.73
Malta,1959,2531.2
Malta,1960,2528.67
Malta,1961,2534.01
Malta,1962,2539.35
Malta,1963,2544.71
Malta,1964,2550.08
Malta,1965,2555.46
Malta,1966,2560.85
Malta,1967,2566.25
Malta,1968,2571.66
Malta,1969,2577.08
Malta,1970,2582.52
Malta,1971,2582.67
Malta,1972,2577.31
Malta,1973,2561.99
Malta,1974,2569.98
Malta,1975,2582.69
Malta,1976,2595.77
Malta,1977,2587.76
Malta,1978,2552.55
Malta,1979,2496.03
Malta,1980,2480.86
Malta,1981,2436.69
Malta,1982,2409.47
Malta,1983,2367.86
Malta,1984,2310.87
Malta,1985,2297.94
Malta,1986,2287.56
Malta,1987,2277.18
Malta,1988,2271.92
Malta,1989,2256.38
Malta,1990,2258.92
Malta,1991,2270.57
Malta,1992,2260.26
Malta,1993,2249.9
Malta,1994,2248.55
Malta,1995,2247.36
Malta,1996,2240.48
Malta,1997,2242.95
Malta,1998,2267.36
Malta,1999,2244.47
Malta,2000,2241.28
Malta,2001,2149.82
Malta,2002,2210.26
Malta,2003,2195.32
Malta,2004,2091.4
Malta,2005,2165.88
Malta,2006,2164.09
Malta,2007,2159.05
Malta,2008,2164.56
Malta,2009,2156.34
Malta,2010,2112.95
Malta,2011,2041.18
Malta,2012,2014.34
Malta,2013,1996.8
Malta,2014,1954.75
Malta,2015,1944.26
Malta,2016,1934.54
Mexico,1950,2274.72
Mexico,1951,2274.3
Mexico,1952,2273.87
Mexico,1953,2273.45
Mexico,1954,2273.03
Mexico,1955,2272.61
Mexico,1956,2272.18
Mexico,1957,2271.76
Mexico,1958,2271.34
Mexico,1959,2270.92
Mexico,1960,2270.49
Mexico,1961,2261.46
Mexico,1962,2252.47
Mexico,1963,2243.51
Mexico,1964,2234.59
Mexico,1965,2225.7
Mexico,1966,2216.85
Mexico,1967,2208.03
Mexico,1968,2199.25
Mexico,1969,2190.5
Mexico,1970,2181.79
Mexico,1971,2180.02
Mexico,1972,2178.26
Mexico,1973,2176.51
Mexico,1974,2174.99
Mexico,1975,2173.48
Mexico,1976,2171.97
Mexico,1977,2170.47
Mexico,1978,2168.96
Mexico,1979,2167.45
Mexico,1980,2165.95
Mexico,1981,2166.88
Mexico,1982,2167.82
Mexico,1983,2168.76
Mexico,1984,2169.7
Mexico,1985,2170.64
Mexico,1986,2171.57
Mexico,1987,2172.51
Mexico,1988,2173.45
Mexico,1989,2174.39
Mexico,1990,2175.45
Mexico,1991,2112.67
Mexico,1992,2103.69
Mexico,1993,2111.97
Mexico,1994,2145.88
Mexico,1995,2161.47
Mexico,1996,2192.09
Mexico,1997,2240.54
Mexico,1998,2168.15
Mexico,1999,2242.38
Mexico,2000,2173.99
Mexico,2001,2145.48
Mexico,2002,2196.15
Mexico,2003,2142.68
Mexico,2004,2123.36
Mexico,2005,2188.8
Mexico,2006,2141.32
Mexico,2007,2125.25
Mexico,2008,2173.36
Mexico,2009,2081.58
Mexico,2010,2128.04
Mexico,2011,2132.34
Mexico,2012,2106.86
Mexico,2013,2132.91
Mexico,2014,2125.1
Mexico,2015,2124.3
Mexico,2016,2125.36
Netherlands,1950,1993.99
Netherlands,1951,1979.34
Netherlands,1952,1964.8
Netherlands,1953,1950.36
Netherlands,1954,1936.02
Netherlands,1955,1921.8
Netherlands,1956,1907.67
Netherlands,1957,1893.65
Netherlands,1958,1879.74
Netherlands,1959,1865.92
Netherlands,1960,1852.21
Netherlands,1961,1850.54
Netherlands,1962,1848.87
Netherlands,1963,1847.21
Netherlands,1964,1845.54
Netherlands,1965,1843.88
Netherlands,1966,1842.22
Netherlands,1967,1840.56
Netherlands,1968,1838.9
Netherlands,1969,1875.04
Netherlands,1970,1835.58
Netherlands,1971,1802.1
Netherlands,1972,1800.35
Netherlands,1973,1773.94
Netherlands,1974,1720.46
Netherlands,1975,1667.37
Netherlands,1976,1651.49
Netherlands,1977,1631.27
Netherlands,1978,1602.72
Netherlands,1979,1581.29
Netherlands,1980,1578.36
Netherlands,1981,1577.84
Netherlands,1982,1563.33
Netherlands,1983,1548.41
Netherlands,1984,1540.29
Netherlands,1985,1523.84
Netherlands,1986,1508.9
Netherlands,1987,1487.64
Netherlands,1988,1484.44
Netherlands,1989,1479.69
Netherlands,1990,1473.87
Netherlands,1991,1464.77
Netherlands,1992,1471.18
Netherlands,1993,1460.86
Netherlands,1994,1468.49
Netherlands,1995,1479.24
Netherlands,1996,1494.45
Netherlands,1997,1480.08
Netherlands,1998,1476.34
Netherlands,1999,1475.29
Netherlands,2000,1462.02
Netherlands,2001,1451.9
Netherlands,2002,1434.81
Netherlands,2003,1426.55
Netherlands,2004,1447.53
Netherlands,2005,1433.58
Netherlands,2006,1430.46
Netherlands,2007,1429.75
Netherlands,2008,1430.04
Netherlands,2009,1421.98
Netherlands,2010,1421.34
Netherlands,2011,1422.44
Netherlands,2012,1413.14
Netherlands,2013,1414.66
Netherlands,2014,1419.59
Netherlands,2015,1418.77
Netherlands,2016,1423.02
New Zealand,1950,2147.14
New Zealand,1951,2127.28
New Zealand,1952,2107.61
New Zealand,1953,2088.12
New Zealand,1954,2068.81
New Zealand,1955,2049.68
New Zealand,1956,2030.72
New Zealand,1957,2011.94
New Zealand,1958,1993.34
New Zealand,1959,1974.9
New Zealand,1960,1956.64
New Zealand,1961,1950.97
New Zealand,1962,1945.32
New Zealand,1963,1939.68
New Zealand,1964,1934.07
New Zealand,1965,1928.46
New Zealand,1966,1922.88
New Zealand,1967,1917.31
New Zealand,1968,1911.75
New Zealand,1969,1906.22
New Zealand,1970,1900.69
New Zealand,1971,1896.72
New Zealand,1972,1892.94
New Zealand,1973,1889.16
New Zealand,1974,1885.38
New Zealand,1975,1881.6
New Zealand,1976,1877.83
New Zealand,1977,1874.07
New Zealand,1978,1870.37
New Zealand,1979,1866.34
New Zealand,1980,1864.45
New Zealand,1981,1861.29
New Zealand,1982,1846.84
New Zealand,1983,1844.52
New Zealand,1984,1852.91
New Zealand,1985,1837.23
New Zealand,1986,1834
New Zealand,1987,1838
New Zealand,1988,1829
New Zealand,1989,1820
New Zealand,1990,1809
New Zealand,1991,1792
New Zealand,1992,1799
New Zealand,1993,1853
New Zealand,1994,1848
New Zealand,1995,1841
New Zealand,1996,1834
New Zealand,1997,1826
New Zealand,1998,1829
New Zealand,1999,1845
New Zealand,2000,1836
New Zealand,2001,1825
New Zealand,2002,1826
New Zealand,2003,1823
New Zealand,2004,1830
New Zealand,2005,1815
New Zealand,2006,1795
New Zealand,2007,1774
New Zealand,2008,1761
New Zealand,2009,1740
New Zealand,2010,1755
New Zealand,2011,1746
New Zealand,2012,1734
New Zealand,2013,1752
New Zealand,2014,1762
New Zealand,2015,1742.8
New Zealand,2016,1736.69
Nigeria,2010,1996.66
Nigeria,2011,1984.21
Nigeria,2012,1880.98
Nigeria,2013,1893.63
Nigeria,2014,1909.65
Nigeria,2015,1703.48
Nigeria,2016,1703.48
Norway,1950,2129.35
Norway,1951,2118.57
Norway,1952,2107.84
Norway,1953,2097.17
Norway,1954,2086.55
Norway,1955,2075.98
Norway,1956,2065.47
Norway,1957,2055.01
Norway,1958,2044.61
Norway,1959,2034.25
Norway,1960,2023.95
Norway,1961,2009.37
Norway,1962,1994.89
Norway,1963,1985.89
Norway,1964,1995.89
Norway,1965,1950.89
Norway,1966,1951.89
Norway,1967,1935.89
Norway,1968,1896.89
Norway,1969,1848.9
Norway,1970,1834.9
Norway,1971,1813.36
Norway,1972,1780.48
Norway,1973,1766.09
Norway,1974,1744.89
Norway,1975,1727.95
Norway,1976,1674.41
Norway,1977,1638.32
Norway,1978,1601.89
Norway,1979,1580.04
Norway,1980,1579.76
Norway,1981,1570.19
Norway,1982,1558.93
Norway,1983,1553.21
Norway,1984,1548.26
Norway,1985,1542.2
Norway,1986,1538.23
Norway,1987,1510.77
Norway,1988,1513.33
Norway,1989,1510.45
Norway,1990,1502.57
Norway,1991,1500.29
Norway,1992,1510.08
Norway,1993,1506.83
Norway,1994,1504.98
Norway,1995,1487.76
Norway,1996,1482.59
Norway,1997,1477.56
Norway,1998,1475.54
Norway,1999,1474.4
Norway,2000,1456.57
Norway,2001,1431.05
Norway,2002,1416.51
Norway,2003,1404.22
Norway,2004,1424.11
Norway,2005,1427.58
Norway,2006,1425.37
Norway,2007,1434.49
Norway,2008,1438.52
Norway,2009,1416.89
Norway,2010,1426.05
Norway,2011,1430.15
Norway,2012,1428.01
Norway,2013,1418.19
Norway,2014,1423.36
Norway,2015,1423.93
Norway,2016,1423.93
Pakistan,1970,2379.97
Pakistan,1971,2421.11
Pakistan,1972,2371.34
Pakistan,1973,2404.37
Pakistan,1974,2437.41
Pakistan,1975,2470.44
Pakistan,1976,2430.64
Pakistan,1977,2390.84
Pakistan,1978,2351.03
Pakistan,1979,2311.83
Pakistan,1980,2305.67
Pakistan,1981,2301.41
Pakistan,1982,2297.17
Pakistan,1983,2290.13
Pakistan,1984,2315.01
Pakistan,1985,2338.91
Pakistan,1986,2345.31
Pakistan,1987,2312.26
Pakistan,1988,2307.05
Pakistan,1989,2312.05
Pakistan,1990,2339.75
Pakistan,1991,2355.69
Pakistan,1992,2371.78
Pakistan,1993,2393.63
Pakistan,1994,2373.33
Pakistan,1995,2379.34
Pakistan,1996,2377.39
Pakistan,1997,2353.25
Pakistan,1998,2344.09
Pakistan,1999,2343.44
Pakistan,2000,2352.72
Pakistan,2001,2339.45
Pakistan,2002,2320.08
Pakistan,2003,2331.88
Pakistan,2004,2336.59
Pakistan,2005,2311.61
Pakistan,2006,2290.79
Pakistan,2007,2296.73
Pakistan,2008,2301.33
Pakistan,2009,2281.32
Pakistan,2010,2301.99
Pakistan,2011,2286.57
Pakistan,2012,2269.82
Pakistan,2013,2250.52
Pakistan,2014,2250.52
Pakistan,2015,2250.52
Pakistan,2016,2250.52
Peru,1950,2157
Peru,1951,2151.73
Peru,1952,2146.47
Peru,1953,2141.23
Peru,1954,2136
Peru,1955,2130.78
Peru,1956,2125.57
Peru,1957,2120.38
Peru,1958,2115.2
Peru,1959,2110.03
Peru,1960,2104.88
Peru,1961,2099.74
Peru,1962,2094.61
Peru,1963,2089.49
Peru,1964,2084.38
Peru,1965,2079.29
Peru,1966,2074.21
Peru,1967,2069.15
Peru,1968,2064.09
Peru,1969,2059.05
Peru,1970,2054.02
Peru,1971,2049
Peru,1972,2043.99
Peru,1973,2039
Peru,1974,2032.42
Peru,1975,2025.86
Peru,1976,2019.33
Peru,1977,2012.81
Peru,1978,2006.32
Peru,1979,1999.84
Peru,1980,1993.39
Peru,1981,1986.96
Peru,1982,1980.55
Peru,1983,1974.16
Peru,1984,1967.79
Peru,1985,1961.44
Peru,1986,1955.11
Peru,1987,1948.8
Peru,1988,1942.51
Peru,1989,1936.25
Peru,1990,1930
Peru,1991,1929
Peru,1992,1928
Peru,1993,1927.67
Peru,1994,1927.33
Peru,1995,1927
Peru,1996,1926.67
Peru,1997,1926.33
Peru,1998,1926
Peru,1999,1937.2
Peru,2000,1911.12
Peru,2001,1890.19
Peru,2002,1850.8
Peru,2003,1867.75
Peru,2004,1854.83
Peru,2005,1851.26
Peru,2006,1853.26
Peru,2007,1857.64
Peru,2008,1868.77
Peru,2009,1815.02
Peru,2010,1811.82
Peru,2011,1818.7
Peru,2012,1793.97
Peru,2013,1780.95
Peru,2014,1773.25
Peru,2015,1773.25
Peru,2016,1773.25
Philippines,1970,2334.74
Philippines,1971,2327.64
Philippines,1972,2321.41
Philippines,1973,2283.48
Philippines,1974,2319.57
Philippines,1975,2297.48
Philippines,1976,2264.1
Philippines,1977,2250.39
Philippines,1978,2251.99
Philippines,1979,2245.71
Philippines,1980,2243.54
Philippines,1981,2241.39
Philippines,1982,2239.7
Philippines,1983,2236.33
Philippines,1984,2227.21
Philippines,1985,2224.05
Philippines,1986,2223.29
Philippines,1987,2211.35
Philippines,1988,2164.75
Philippines,1989,2168.69
Philippines,1990,2178.26
Philippines,1991,2171.67
Philippines,1992,2037.63
Philippines,1993,2116.94
Philippines,1994,2135.73
Philippines,1995,2131.51
Philippines,1996,2109.72
Philippines,1997,2107.25
Philippines,1998,2104.99
Philippines,1999,2122.75
Philippines,2000,2124.54
Philippines,2001,2063.83
Philippines,2002,2075.32
Philippines,2003,2102.3
Philippines,2004,2108.96
Philippines,2005,2105.94
Philippines,2006,2103.97
Philippines,2007,2072.91
Philippines,2008,2107.09
Philippines,2009,2092.35
Philippines,2010,2104.36
Philippines,2011,2114.49
Philippines,2012,2132.8
Philippines,2013,2116.48
Philippines,2014,2116.48
Philippines,2015,2116.48
Philippines,2016,2116.48
Poland,1990,2107.25
Poland,1991,2099.64
Poland,1992,2071.78
Poland,1993,2070.82
Poland,1994,2084.62
Poland,1995,2081.91
Poland,1996,2082.04
Poland,1997,2081.88
Poland,1998,2081.81
Poland,1999,2080
Poland,2000,2081.7
Poland,2001,2083.69
Poland,2002,2078.48
Poland,2003,2084.17
Poland,2004,2084.53
Poland,2005,2079.05
Poland,2006,2080.58
Poland,2007,2077.61
Poland,2008,2069.6
Poland,2009,2054
Poland,2010,2048.8
Poland,2011,2043.6
Poland,2012,2038.4
Poland,2013,2034.75
Poland,2014,2041.32
Poland,2015,2044.28
Poland,2016,2046.32
Portugal,1950,2251.4
Portugal,1951,2237.1
Portugal,1952,2222.88
Portugal,1953,2208.76
Portugal,1954,2194.72
Portugal,1955,2180.78
Portugal,1956,2166.92
Portugal,1957,2153.16
Portugal,1958,2139.47
Portugal,1959,2125.88
Portugal,1960,2112.37
Portugal,1961,2100.74
Portugal,1962,2089.17
Portugal,1963,2077.66
Portugal,1964,2066.22
Portugal,1965,2054.84
Portugal,1966,2043.52
Portugal,1967,2032.27
Portugal,1968,2021.08
Portugal,1969,2009.95
Portugal,1970,1967.9
Portugal,1971,1967.67
Portugal,1972,1967.3
Portugal,1973,1966.03
Portugal,1974,1975.22
Portugal,1975,1975.35
Portugal,1976,1971.27
Portugal,1977,1972.14
Portugal,1978,1958.44
Portugal,1979,1944.39
Portugal,1980,1926.8
Portugal,1981,1910.56
Portugal,1982,1891.75
Portugal,1983,1874.9
Portugal,1984,1858.99
Portugal,1985,1845.49
Portugal,1986,1833.88
Portugal,1987,1855.06
Portugal,1988,1861.76
Portugal,1989,1888.37
Portugal,1990,1885.3
Portugal,1991,1819.2
Portugal,1992,1804.75
Portugal,1993,1806.99
Portugal,1994,1831.84
Portugal,1995,1893.4
Portugal,1996,1894.42
Portugal,1997,1889.63
Portugal,1998,1905.31
Portugal,1999,1907.09
Portugal,2000,1916.81
Portugal,2001,1900.45
Portugal,2002,1893.59
Portugal,2003,1886.64
Portugal,2004,1892.81
Portugal,2005,1894.85
Portugal,2006,1882.98
Portugal,2007,1899.98
Portugal,2008,1886.89
Portugal,2009,1887.1
Portugal,2010,1889.76
Portugal,2011,1866.58
Portugal,2012,1849.05
Portugal,2013,1859.13
Portugal,2014,1865.31
Portugal,2015,1868.3
Portugal,2016,1845.88
Romania,1990,1906.59
Romania,1991,1899.71
Romania,1992,1874.5
Romania,1993,1873.63
Romania,1994,1897.55
Romania,1995,1822.65
Romania,1996,1861.46
Romania,1997,1860.52
Romania,1998,1859.15
Romania,1999,1850.04
Romania,2000,1853
Romania,2001,1852.48
Romania,2002,1867.18
Romania,2003,1837.06
Romania,2004,1845.96
Romania,2005,1852.91
Romania,2006,1869.29
Romania,2007,1878.15
Romania,2008,1878.43
Romania,2009,1867.85
Romania,2010,1860.67
Romania,2011,1893.8
Romania,2012,1811.54
Romania,2013,1806.46
Romania,2014,1809.24
Romania,2015,1817.33
Romania,2016,1820.05
Russia,1990,1943.64
Russia,1991,1938.31
Russia,1992,1933
Russia,1993,1939
Russia,1994,1895
Russia,1995,1891
Russia,1996,1894
Russia,1997,1951
Russia,1998,1946
Russia,1999,1964
Russia,2000,1982
Russia,2001,1980
Russia,2002,1982
Russia,2003,1993
Russia,2004,1993
Russia,2005,1989
Russia,2006,1998
Russia,2007,1999
Russia,2008,1997
Russia,2009,1974
Russia,2010,1976
Russia,2011,1979
Russia,2012,1982
Russia,2013,1980
Russia,2014,1985
Russia,2015,1985
Russia,2016,1985
Saint Lucia,1985,1959.81
Saint Lucia,1986,1943.39
Saint Lucia,1987,1924.84
Saint Lucia,1988,1898.25
Saint Lucia,1989,1880.49
Saint Lucia,1990,1881.8
Saint Lucia,1991,1897.35
Saint Lucia,1992,1928.9
Saint Lucia,1993,1995.79
Saint Lucia,1994,1962.67
Saint Lucia,1995,1986.11
Saint Lucia,1996,1972.07
Saint Lucia,1997,2011.28
Saint Lucia,1998,1972.3
Saint Lucia,1999,1997.8
Saint Lucia,2000,1979.14
Saint Lucia,2001,1981.82
Saint Lucia,2002,1940.52
Saint Lucia,2003,1958.29
Saint Lucia,2004,1944.75
Saint Lucia,2005,1941
Saint Lucia,2006,1943.1
Saint Lucia,2007,1947.69
Saint Lucia,2008,1959.36
Saint Lucia,2009,1903
Saint Lucia,2010,1899.64
Saint Lucia,2011,1906.87
Saint Lucia,2012,1880.93
Saint Lucia,2013,1867.28
Saint Lucia,2014,1859.21
Saint Lucia,2015,1859.21
Saint Lucia,2016,1859.21
Singapore,1950,2339.65
Singapore,1951,2332.97
Singapore,1952,2326.32
Singapore,1953,2319.69
Singapore,1954,2313.08
Singapore,1955,2306.48
Singapore,1956,2299.9
Singapore,1957,2293.35
Singapore,1958,2286.81
Singapore,1959,2280.29
Singapore,1960,2273.79
Singapore,1961,2267.3
Singapore,1962,2260.84
Singapore,1963,2254.39
Singapore,1964,2247.96
Singapore,1965,2241.55
Singapore,1966,2235.16
Singapore,1967,2228.79
Singapore,1968,2222.44
Singapore,1969,2216.1
Singapore,1970,2209.78
Singapore,1971,2237.52
Singapore,1972,2246.76
Singapore,1973,2237.52
Singapore,1974,2187.68
Singapore,1975,2167.82
Singapore,1976,2192.2
Singapore,1977,2141.51
Singapore,1978,2140.81
Singapore,1979,2118.08
Singapore,1980,2126.06
Singapore,1981,2151.34
Singapore,1982,2157.38
Singapore,1983,2162.3
Singapore,1984,2171.17
Singapore,1985,2132.87
Singapore,1986,2164.83
Singapore,1987,2193.83
Singapore,1988,2206.76
Singapore,1989,2262.13
Singapore,1990,2266.31
Singapore,1991,2285.2
Singapore,1992,2288.65
Singapore,1993,2313.77
Singapore,1994,2328.63
Singapore,1995,2341.34
Singapore,1996,2360.95
Singapore,1997,2374.25
Singapore,1998,2360.85
Singapore,1999,2381.77
Singapore,2000,2399.22
Singapore,2001,2379.86
Singapore,2002,2371.95
Singapore,2003,2376.62
Singapore,2004,2344.52
Singapore,2005,2344.65
Singapore,2006,2336.61
Singapore,2007,2316.36
Singapore,2008,2306.22
Singapore,2009,2274.1
Singapore,2010,2323.2
Singapore,2011,2310.22
Singapore,2012,2313.6
Singapore,2013,2313.6
Singapore,2014,2262.53
Singapore,2015,2257.42
Singapore,2016,2257.42
Slovakia,1990,1827.65
Slovakia,1991,1827.73
Slovakia,1992,1827.68
Slovakia,1993,1827.8
Slovakia,1994,1827.43
Slovakia,1995,1853.05
Slovakia,1996,1819.63
Slovakia,1997,1830
Slovakia,1998,1821.86
Slovakia,1999,1816.24
Slovakia,2000,1815.61
Slovakia,2001,1800.74
Slovakia,2002,1754.07
Slovakia,2003,1697.57
Slovakia,2004,1741.99
Slovakia,2005,1769.49
Slovakia,2006,1774.45
Slovakia,2007,1791.2
Slovakia,2008,1793.36
Slovakia,2009,1780.34
Slovakia,2010,1805.15
Slovakia,2011,1793.01
Slovakia,2012,1789.04
Slovakia,2013,1771.61
Slovakia,2014,1759.61
Slovakia,2015,1754.09
Slovakia,2016,1762.86
Slovenia,1990,1772.45
Slovenia,1991,1766.05
Slovenia,1992,1742.61
Slovenia,1993,1741.81
Slovenia,1994,1764.04
Slovenia,1995,1755.4
Slovenia,1996,1727.49
Slovenia,1997,1714.8
Slovenia,1998,1727.97
Slovenia,1999,1729.69
Slovenia,2000,1710.1
Slovenia,2001,1695.89
Slovenia,2002,1720.52
Slovenia,2003,1723.83
Slovenia,2004,1736.57
Slovenia,2005,1696.6
Slovenia,2006,1667.45
Slovenia,2007,1654.94
Slovenia,2008,1673.65
Slovenia,2009,1678.75
Slovenia,2010,1680.14
Slovenia,2011,1663.16
Slovenia,2012,1635.67
Slovenia,2013,1655.29
Slovenia,2014,1676.43
Slovenia,2015,1675.73
Slovenia,2016,1677.4
South Africa,2001,2376.33
South Africa,2002,2382.77
South Africa,2003,2318.68
South Africa,2004,2342.28
South Africa,2005,2399.42
South Africa,2006,2315.75
South Africa,2007,2322.11
South Africa,2008,2284.23
South Africa,2009,2249.31
South Africa,2010,2235.74
South Africa,2011,2254.58
South Africa,2012,2224.11
South Africa,2013,2211.99
South Africa,2014,2209.09
South Africa,2015,2209.09
South Africa,2016,2209.09
South Korea,1950,2381.2
South Korea,1951,2415.84
South Korea,1952,2450.99
South Korea,1953,2486.65
South Korea,1954,2522.83
South Korea,1955,2559.54
South Korea,1956,2596.78
South Korea,1957,2634.56
South Korea,1958,2672.9
South Korea,1959,2711.79
South Korea,1960,2751.24
South Korea,1961,2791.27
South Korea,1962,2831.88
South Korea,1963,2873.09
South Korea,1964,2782.36
South Korea,1965,2903.33
South Korea,1966,2885.18
South Korea,1967,2921.47
South Korea,1968,2975.91
South Korea,1969,3042.45
South Korea,1970,2921.47
South Korea,1971,2915.63
South Korea,1972,2909.77
South Korea,1973,2903.98
South Korea,1974,2898.17
South Korea,1975,2892.37
South Korea,1976,2886.55
South Korea,1977,2880.83
South Korea,1978,2875.04
South Korea,1979,2869.36
South Korea,1980,2863.44
South Korea,1981,2879.44
South Korea,1982,2892.43
South Korea,1983,2910.43
South Korea,1984,2906.43
South Korea,1985,2881.43
South Korea,1986,2910.43
South Korea,1987,2879.44
South Korea,1988,2833.44
South Korea,1989,2730.46
South Korea,1990,2676.47
South Korea,1991,2660.48
South Korea,1992,2638.48
South Korea,1993,2655.48
South Korea,1994,2639.48
South Korea,1995,2647.48
South Korea,1996,2636.48
South Korea,1997,2581.49
South Korea,1998,2487.51
South Korea,1999,2494.51
South Korea,2000,2511.51
South Korea,2001,2498.51
South Korea,2002,2463.52
South Korea,2003,2423.52
South Korea,2004,2391.53
South Korea,2005,2351.32
South Korea,2006,2345.92
South Korea,2007,2306.2
South Korea,2008,2245.54
South Korea,2009,2232.05
South Korea,2010,2186.65
South Korea,2011,2089.51
South Korea,2012,2162.65
South Korea,2013,2079.22
South Korea,2014,2124
South Korea,2015,2161.05
South Korea,2016,2161.05
Spain,1950,1974.76
Spain,1951,1972.78
Spain,1952,1970.81
Spain,1953,1968.84
Spain,1954,1966.88
Spain,1955,1964.91
Spain,1956,1962.95
Spain,1957,1960.99
Spain,1958,1959.03
Spain,1959,1957.07
Spain,1960,1955.12
Spain,1961,1959.24
Spain,1962,1963.37
Spain,1963,1967.51
Spain,1964,1971.66
Spain,1965,1975.82
Spain,1966,1979.99
Spain,1967,1984.17
Spain,1968,1988.35
Spain,1969,1992.55
Spain,1970,1996.75
Spain,1971,1996.86
Spain,1972,1992.72
Spain,1973,1980.88
Spain,1974,1987.05
Spain,1975,1996.88
Spain,1976,2006.99
Spain,1977,2000.8
Spain,1978,1973.57
Spain,1979,1929.88
Spain,1980,1918.15
Spain,1981,1884
Spain,1982,1862.95
Spain,1983,1830.78
Spain,1984,1786.71
Spain,1985,1776.72
Spain,1986,1768.69
Spain,1987,1760.67
Spain,1988,1756.6
Spain,1989,1744.58
Spain,1990,1746.55
Spain,1991,1755.55
Spain,1992,1747.59
Spain,1993,1739.58
Spain,1994,1738.53
Spain,1995,1738.82
Spain,1996,1740.2
Spain,1997,1742.49
Spain,1998,1750.96
Spain,1999,1756.05
Spain,2000,1752.76
Spain,2001,1762.5
Spain,2002,1764.57
Spain,2003,1755.94
Spain,2004,1741.51
Spain,2005,1725.6
Spain,2006,1715.66
Spain,2007,1703.49
Spain,2008,1712.55
Spain,2009,1719.67
Spain,2010,1710.4
Spain,2011,1715.51
Spain,2012,1699.93
Spain,2013,1695.55
Spain,2014,1698.05
Spain,2015,1691.28
Spain,2016,1692.97
Sri Lanka,1970,1574.33
Sri Lanka,1971,1574.36
Sri Lanka,1972,1600.24
Sri Lanka,1973,1675.6
Sri Lanka,1974,1760.7
Sri Lanka,1975,1830.23
Sri Lanka,1976,1879.22
Sri Lanka,1977,1991.54
Sri Lanka,1978,2042.33
Sri Lanka,1979,2016.16
Sri Lanka,1980,1991.17
Sri Lanka,1981,1975.5
Sri Lanka,1982,2007.04
Sri Lanka,1983,1969.96
Sri Lanka,1984,1946.98
Sri Lanka,1985,1939.85
Sri Lanka,1986,1939.5
Sri Lanka,1987,1975.46
Sri Lanka,1988,1992.25
Sri Lanka,1989,2043.92
Sri Lanka,1990,1951.07
Sri Lanka,1991,2031.92
Sri Lanka,1992,1972.37
Sri Lanka,1993,2010.6
Sri Lanka,1994,1973.38
Sri Lanka,1995,1939.52
Sri Lanka,1996,1944.52
Sri Lanka,1997,1912.28
Sri Lanka,1998,1900.19
Sri Lanka,1999,1922.88
Sri Lanka,2000,1966.51
Sri Lanka,2001,2029.16
Sri Lanka,2002,1943.1
Sri Lanka,2003,1998.65
Sri Lanka,2004,2008.22
Sri Lanka,2005,2044.59
Sri Lanka,2006,2006.91
Sri Lanka,2007,2053.88
Sri Lanka,2008,1966.21
Sri Lanka,2009,1976.25
Sri Lanka,2010,2010.36
Sri Lanka,2011,2005.5
Sri Lanka,2012,2071.69
Sri Lanka,2013,2038.54
Sri Lanka,2014,2038.54
Sri Lanka,2015,2038.54
Sri Lanka,2016,2038.54
Sweden,1950,2007.67
Sweden,1951,1998.71
Sweden,1952,1998.71
Sweden,1953,1978.79
Sweden,1954,1989.74
Sweden,1955,1978.79
Sweden,1956,1953.89
Sweden,1957,1953.89
Sweden,1958,1922.03
Sweden,1959,1896.13
Sweden,1960,1891.15
Sweden,1961,1893.15
Sweden,1962,1881.2
Sweden,1963,1875.22
Sweden,1964,1844.35
Sweden,1965,1833.39
Sweden,1966,1819.45
Sweden,1967,1788.58
Sweden,1968,1745.76
Sweden,1969,1722.85
Sweden,1970,1722.85
Sweden,1971,1690.72
Sweden,1972,1650.81
Sweden,1973,1635.17
Sweden,1974,1616.25
Sweden,1975,1592.38
Sweden,1976,1605.52
Sweden,1977,1575.27
Sweden,1978,1537.18
Sweden,1979,1527.83
Sweden,1980,1516.81
Sweden,1981,1508.41
Sweden,1982,1522.54
Sweden,1983,1531.84
Sweden,1984,1534.02
Sweden,1985,1538.05
Sweden,1986,1536.07
Sweden,1987,1546.19
Sweden,1988,1565.76
Sweden,1989,1564.61
Sweden,1990,1560.94
Sweden,1991,1547.67
Sweden,1992,1565.28
Sweden,1993,1597
Sweden,1994,1635.22
Sweden,1995,1640.34
Sweden,1996,1653.04
Sweden,1997,1657.97
Sweden,1998,1656.32
Sweden,1999,1664.81
Sweden,2000,1642.08
Sweden,2001,1618.21
Sweden,2002,1594.87
Sweden,2003,1581.56
Sweden,2004,1605.51
Sweden,2005,1605.06
Sweden,2006,1599.13
Sweden,2007,1611.5
Sweden,2008,1616.86
Sweden,2009,1609.15
Sweden,2010,1635.01
Sweden,2011,1632.52
Sweden,2012,1618.38
Sweden,2013,1608.65
Sweden,2014,1610.53
Sweden,2015,1612.3
Sweden,2016,1613.91
Switzerland,1950,1991.46
Switzerland,1951,1984
Switzerland,1952,1976.56
Switzerland,1953,1969.16
Switzerland,1954,1961.78
Switzerland,1955,1954.43
Switzerland,1956,1947.1
Switzerland,1957,1939.81
Switzerland,1958,1932.54
Switzerland,1959,1925.29
Switzerland,1960,1918.08
Switzerland,1961,1920.82
Switzerland,1962,1923.57
Switzerland,1963,1926.31
Switzerland,1964,1929.07
Switzerland,1965,1931.82
Switzerland,1966,1934.58
Switzerland,1967,1937.35
Switzerland,1968,1940.12
Switzerland,1969,1942.89
Switzerland,1970,1945.66
Switzerland,1971,1935.6
Switzerland,1972,1911.87
Switzerland,1973,1885.71
Switzerland,1974,1857.55
Switzerland,1975,1848.98
Switzerland,1976,1845.93
Switzerland,1977,1819.15
Switzerland,1978,1805.05
Switzerland,1979,1792.68
Switzerland,1980,1778.49
Switzerland,1981,1759.64
Switzerland,1982,1748.8
Switzerland,1983,1734.4
Switzerland,1984,1715.75
Switzerland,1985,1709.66
Switzerland,1986,1701.29
Switzerland,1987,1700.05
Switzerland,1988,1699.53
Switzerland,1989,1684.73
Switzerland,1990,1675.39
Switzerland,1991,1673
Switzerland,1992,1685
Switzerland,1993,1686
Switzerland,1994,1706
Switzerland,1995,1686
Switzerland,1996,1659
Switzerland,1997,1649
Switzerland,1998,1657
Switzerland,1999,1678
Switzerland,2000,1674
Switzerland,2001,1636
Switzerland,2002,1614
Switzerland,2003,1627
Switzerland,2004,1657
Switzerland,2005,1652
Switzerland,2006,1643
Switzerland,2007,1633
Switzerland,2008,1623
Switzerland,2009,1615
Switzerland,2010,1613
Switzerland,2011,1607
Switzerland,2012,1592
Switzerland,2013,1576
Switzerland,2014,1568
Switzerland,2015,1568
Switzerland,2016,1568
Taiwan,1950,2462.79
Taiwan,1951,2460.56
Taiwan,1952,2458.33
Taiwan,1953,2456.11
Taiwan,1954,2453.89
Taiwan,1955,2451.67
Taiwan,1956,2449.45
Taiwan,1957,2447.23
Taiwan,1958,2445.02
Taiwan,1959,2442.81
Taiwan,1960,2440.6
Taiwan,1961,2438.39
Taiwan,1962,2436.19
Taiwan,1963,2433.98
Taiwan,1964,2431.78
Taiwan,1965,2429.58
Taiwan,1966,2427.38
Taiwan,1967,2425.19
Taiwan,1968,2423
Taiwan,1969,2420.8
Taiwan,1970,2418.61
Taiwan,1971,2414.22
Taiwan,1972,2408.78
Taiwan,1973,2406.43
Taiwan,1974,2407.25
Taiwan,1975,2403.52
Taiwan,1976,2399.19
Taiwan,1977,2393.88
Taiwan,1978,2398.6
Taiwan,1979,2411.21
Taiwan,1980,2402.14
Taiwan,1981,2386.51
Taiwan,1982,2358.23
Taiwan,1983,2341.17
Taiwan,1984,2334.17
Taiwan,1985,2328.51
Taiwan,1986,2331.5
Taiwan,1987,2340.75
Taiwan,1988,2327.85
Taiwan,1989,2309.92
Taiwan,1990,2301.88
Taiwan,1991,2295.71
Taiwan,1992,2297.25
Taiwan,1993,2294.78
Taiwan,1994,2276.1
Taiwan,1995,2279.19
Taiwan,1996,2259.87
Taiwan,1997,2232.03
Taiwan,1998,2245.78
Taiwan,1999,2254.37
Taiwan,2000,2234.28
Taiwan,2001,2196.92
Taiwan,2002,2177.65
Taiwan,2003,2180.72
Taiwan,2004,2188.31
Taiwan,2005,2188.21
Taiwan,2006,2187.07
Taiwan,2007,2171.05
Taiwan,2008,2133.85
Taiwan,2009,2110.12
Taiwan,2010,2105.92
Taiwan,2011,2105.64
Taiwan,2012,2108.01
Taiwan,2013,2109.26
Taiwan,2014,2119.99
Taiwan,2015,2089.01
Taiwan,2016,2089.01
Thailand,1970,2439.54
Thailand,1971,2440.39
Thailand,1972,2305.03
Thailand,1973,2440.17
Thailand,1974,2479.66
Thailand,1975,2442.69
Thailand,1976,2429.01
Thailand,1977,2414.08
Thailand,1978,2531.28
Thailand,1979,2449.56
Thailand,1980,2367.17
Thailand,1981,2367.17
Thailand,1982,2222.24
Thailand,1983,2367.17
Thailand,1984,2367.17
Thailand,1985,2367.17
Thailand,1986,2367.17
Thailand,1987,2367.17
Thailand,1988,2318.86
Thailand,1989,2415.48
Thailand,1990,2318.86
Thailand,1991,2367.17
Thailand,1992,2367.17
Thailand,1993,2367.17
Thailand,1994,2415.48
Thailand,1995,2367.17
Thailand,1996,2367.17
Thailand,1997,2222.24
Thailand,1998,2318.86
Thailand,1999,2318.86
Thailand,2000,2367.17
Thailand,2001,2367.17
Thailand,2002,2367.17
Thailand,2003,2371.95
Thailand,2004,2367.17
Thailand,2005,2318.86
Thailand,2006,2318.86
Thailand,2007,2318.86
Thailand,2008,2270.55
Thailand,2009,2318.86
Thailand,2010,2318.86
Thailand,2011,2357.15
Thailand,2012,2338.18
Thailand,2013,2273.29
Thailand,2014,2273.29
Thailand,2015,2273.29
Thailand,2016,2273.29
Trinidad and Tobago,1991,1585.06
Trinidad and Tobago,1992,1564.75
Trinidad and Tobago,1993,1580.24
Trinidad and Tobago,1994,1591.54
Trinidad and Tobago,1995,1602.29
Trinidad and Tobago,1996,1618.54
Trinidad and Tobago,1997,1627.14
Trinidad and Tobago,1998,1630.52
Trinidad and Tobago,1999,1636.53
Trinidad and Tobago,2000,1663.9
Trinidad and Tobago,2001,1668.04
Trinidad and Tobago,2002,1634.8
Trinidad and Tobago,2003,1649.77
Trinidad and Tobago,2004,1638.36
Trinidad and Tobago,2005,1635.2
Trinidad and Tobago,2006,1636.97
Trinidad and Tobago,2007,1640.84
Trinidad and Tobago,2008,1650.67
Trinidad and Tobago,2009,1603.19
Trinidad and Tobago,2010,1600.36
Trinidad and Tobago,2011,1606.45
Trinidad and Tobago,2012,1584.6
Trinidad and Tobago,2013,1573.1
Trinidad and Tobago,2014,1566.3
Trinidad and Tobago,2015,1566.3
Trinidad and Tobago,2016,1566.3
Turkey,1950,2322.15
Turkey,1951,2311.15
Turkey,1952,2300.21
Turkey,1953,2289.31
Turkey,1954,2278.47
Turkey,1955,2267.67
Turkey,1956,2256.93
Turkey,1957,2246.24
Turkey,1958,2235.6
Turkey,1959,2225.01
Turkey,1960,2214.47
Turkey,1961,2204.63
Turkey,1962,2194.83
Turkey,1963,2185.08
Turkey,1964,2175.36
Turkey,1965,2165.7
Turkey,1966,2156.07
Turkey,1967,2146.49
Turkey,1968,2136.95
Turkey,1969,2127.45
Turkey,1970,2086
Turkey,1971,2077
Turkey,1972,2069
Turkey,1973,2060
Turkey,1974,2044
Turkey,1975,2028
Turkey,1976,2012
Turkey,1977,1996
Turkey,1978,1980
Turkey,1979,1964
Turkey,1980,1957
Turkey,1981,1950
Turkey,1982,1943
Turkey,1983,1935
Turkey,1984,1871
Turkey,1985,1898
Turkey,1986,1883
Turkey,1987,1844
Turkey,1988,1837
Turkey,1989,1867
Turkey,1990,1866
Turkey,1991,1870
Turkey,1992,1897
Turkey,1993,1917
Turkey,1994,1886
Turkey,1995,1876
Turkey,1996,1892
Turkey,1997,1878
Turkey,1998,1884
Turkey,1999,1925
Turkey,2000,1937
Turkey,2001,1942
Turkey,2002,1943
Turkey,2003,1943
Turkey,2004,1918
Turkey,2005,1936
Turkey,2006,1944
Turkey,2007,1911
Turkey,2008,1900
Turkey,2009,1881
Turkey,2010,1877
Turkey,2011,1864
Turkey,2012,1855
Turkey,2013,1832
Turkey,2014,1832
Turkey,2015,1832
Turkey,2016,1832
United Kingdom,1950,2010.82
United Kingdom,1951,2028.87
United Kingdom,1952,2012.94
United Kingdom,1953,2018
United Kingdom,1954,2030.81
United Kingdom,1955,2052.96
United Kingdom,1956,2039.87
United Kingdom,1957,2029.13
United Kingdom,1958,2006.42
United Kingdom,1959,2030.54
United Kingdom,1960,2032.33
United Kingdom,1961,2000.04
United Kingdom,1962,1984.03
United Kingdom,1963,1993.38
United Kingdom,1964,1995.32
United Kingdom,1965,1967.62
United Kingdom,1966,1938.85
United Kingdom,1967,1922.12
United Kingdom,1968,1913.82
United Kingdom,1969,1910.12
United Kingdom,1970,1873.36
United Kingdom,1971,1836.87
United Kingdom,1972,1858.19
United Kingdom,1973,1867.09
United Kingdom,1974,1852.1
United Kingdom,1975,1820.77
United Kingdom,1976,1813.67
United Kingdom,1977,1823.61
United Kingdom,1978,1824.7
United Kingdom,1979,1822.19
United Kingdom,1980,1791.98
United Kingdom,1981,1767.38
United Kingdom,1982,1761
United Kingdom,1983,1745.61
United Kingdom,1984,1750.03
United Kingdom,1985,1756.14
United Kingdom,1986,1755.89
United Kingdom,1987,1755.91
United Kingdom,1988,1758.26
United Kingdom,1989,1757.98
United Kingdom,1990,1745.3
United Kingdom,1991,1724.44
United Kingdom,1992,1715.57
United Kingdom,1993,1708.52
United Kingdom,1994,1718.94
United Kingdom,1995,1722.93
United Kingdom,1996,1722.34
United Kingdom,1997,1721.37
United Kingdom,1998,1717.06
United Kingdom,1999,1708.66
United Kingdom,2000,1692.92
United Kingdom,2001,1695.98
United Kingdom,2002,1678.55
United Kingdom,2003,1669.28
United Kingdom,2004,1666.54
United Kingdom,2005,1669.55
United Kingdom,2006,1663.8
United Kingdom,2007,1665.76
United Kingdom,2008,1660.5
United Kingdom,2009,1638.44
United Kingdom,2010,1643.29
United Kingdom,2011,1641.44
United Kingdom,2012,1654.25
United Kingdom,2013,1664.89
United Kingdom,2014,1671.09
United Kingdom,2015,1668.08
United Kingdom,2016,1679.76
United States,1950,1983.74
United States,1951,2024
United States,1952,2020.18
United States,1953,2014.5
United States,1954,1991.02
United States,1955,1997.76
United States,1956,1984.02
United States,1957,1956.49
United States,1958,1923.12
United States,1959,1948.32
United States,1960,1930.1
United States,1961,1915.4
United States,1962,1934.79
United States,1963,1923.17
United States,1964,1929.15
United States,1965,1948.84
United States,1966,1957.36
United States,1967,1934.91
United States,1968,1931.21
United States,1969,1931.61
United States,1970,1887.81
United States,1971,1872.29
United States,1972,1870.19
United States,1973,1868.96
United States,1974,1841.6
United States,1975,1809.8
United States,1976,1805.5
United States,1977,1805.93
United States,1978,1814.33
United States,1979,1813.01
United States,1980,1799.01
United States,1981,1782.32
United States,1982,1769.15
United States,1983,1777.7
United States,1984,1794.66
United States,1985,1799.26
United States,1986,1780.23
United States,1987,1782.98
United States,1988,1797.44
United States,1989,1810.96
United States,1990,1793.35
United States,1991,1782.96
United States,1992,1773.42
United States,1993,1789.79
United States,1994,1805.17
United States,1995,1822.3
United States,1996,1818.68
United States,1997,1830.83
United States,1998,1842.74
United States,1999,1849.37
United States,2000,1848.21
United States,2001,1823.89
United States,2002,1805.73
United States,2003,1782.66
United States,2004,1783.81
United States,2005,1780.07
United States,2006,1779.08
United States,2007,1772.53
United States,2008,1761.99
United States,2009,1729.46
United States,2010,1738.79
United States,2011,1756.26
United States,2012,1754.41
United States,2013,1758.61
United States,2014,1763.76
United States,2015,1770.39
United States,2016,1774.69
Uruguay,1990,1788
Uruguay,1991,1781.5
Uruguay,1992,1775.03
Uruguay,1993,1768.57
Uruguay,1994,1762.15
Uruguay,1995,1755.74
Uruguay,1996,1749.36
Uruguay,1997,1743
Uruguay,1998,1732.47
Uruguay,1999,1722
Uruguay,2000,1698.82
Uruguay,2001,1680.21
Uruguay,2002,1645.2
Uruguay,2003,1660.27
Uruguay,2004,1648.79
Uruguay,2005,1645.61
Uruguay,2006,1647.39
Uruguay,2007,1651.28
Uruguay,2008,1661.18
Uruguay,2009,1613.4
Uruguay,2010,1610.55
Uruguay,2011,1616.67
Uruguay,2012,1594.69
Uruguay,2013,1583.11
Uruguay,2014,1576.27
Uruguay,2015,1576.27
Uruguay,2016,1576.27
USSR,1950,1947
USSR,1951,1939.94
USSR,1952,1932.91
USSR,1953,1925.91
USSR,1954,1918.93
USSR,1955,1911.97
USSR,1956,1905.04
USSR,1957,1898.14
USSR,1958,1891.26
USSR,1959,1884.4
USSR,1960,1877.57
USSR,1961,1870.77
USSR,1962,1863.98
USSR,1963,1857.23
USSR,1964,1850.5
USSR,1965,1843.79
USSR,1966,1837.11
USSR,1967,1830.45
USSR,1968,1823.81
USSR,1969,1817.2
USSR,1970,1810.62
USSR,1971,1804.05
USSR,1972,1797.52
USSR,1973,1791
USSR,1974,1786.09
USSR,1975,1781.2
USSR,1976,1776.31
USSR,1977,1771.45
USSR,1978,1766.59
USSR,1979,1761.75
USSR,1980,1756.92
USSR,1981,1752.11
USSR,1982,1747.3
USSR,1983,1742.51
USSR,1984,1737.74
USSR,1985,1732.98
USSR,1986,1728.23
USSR,1987,1723.49
USSR,1988,1718.77
USSR,1989,1714.05
USSR,1990,1709.36
USSR,1991,1704.67
USSR,1992,1700
Venezuela,1950,2179
Venezuela,1951,2162.98
Venezuela,1952,2147.08
Venezuela,1953,2131.29
Venezuela,1954,2115.62
Venezuela,1955,2100.07
Venezuela,1956,2084.63
Venezuela,1957,2069.31
Venezuela,1958,2054.09
Venezuela,1959,2038.99
Venezuela,1960,2024
Venezuela,1961,2016.58
Venezuela,1962,2009.18
Venezuela,1963,2001.82
Venezuela,1964,1994.48
Venezuela,1965,1987.16
Venezuela,1966,1979.88
Venezuela,1967,1972.62
Venezuela,1968,1965.39
Venezuela,1969,1958.18
Venezuela,1970,1951
Venezuela,1971,1955.66
Venezuela,1972,1960.32
Venezuela,1973,1965
Venezuela,1974,1969.54
Venezuela,1975,1974.09
Venezuela,1976,1978.65
Venezuela,1977,1983.22
Venezuela,1978,1987.8
Venezuela,1979,1992.4
Venezuela,1980,1997
Venezuela,1981,1985.98
Venezuela,1982,1975.03
Venezuela,1983,1964.13
Venezuela,1984,1953.29
Venezuela,1985,1942.52
Venezuela,1986,1931.8
Venezuela,1987,1921.14
Venezuela,1988,1910.54
Venezuela,1989,1900
Venezuela,1990,1889
Venezuela,1991,1878.47
Venezuela,1992,1868
Venezuela,1993,1888.88
Venezuela,1994,1910
Venezuela,1995,1915.23
Venezuela,1996,1920.47
Venezuela,1997,1925.73
Venezuela,1998,1931
Venezuela,1999,1942.23
Venezuela,2000,1916.08
Venezuela,2001,1895.1
Venezuela,2002,1855.61
Venezuela,2003,1872.6
Venezuela,2004,1859.65
Venezuela,2005,1856.06
Venezuela,2006,1858.07
Venezuela,2007,1862.46
Venezuela,2008,1873.62
Venezuela,2009,1819.73
Venezuela,2010,1816.52
Venezuela,2011,1823.42
Venezuela,2012,1798.63
Venezuela,2013,1785.57
Venezuela,2014,1777.85
Venezuela,2015,1777.85
Venezuela,2016,1777.85
Vietnam,1970,2447.67
Vietnam,1971,2447.67
Vietnam,1972,2447.67
Vietnam,1973,2447.67
Vietnam,1974,2447.67
Vietnam,1975,2447.67
Vietnam,1976,2447.67
Vietnam,1977,2447.67
Vietnam,1978,2447.67
Vietnam,1979,2447.67
Vietnam,1980,2447.67
Vietnam,1981,2447.67
Vietnam,1982,2447.67
Vietnam,1983,2447.67
Vietnam,1984,2447.67
Vietnam,1985,2447.67
Vietnam,1986,2448.05
Vietnam,1987,2448.58
Vietnam,1988,2449.24
Vietnam,1989,2449.91
Vietnam,1990,2450.63
Vietnam,1991,2451.61
Vietnam,1992,2452.32
Vietnam,1993,2452.67
Vietnam,1994,2452.94
Vietnam,1995,2536.3
Vietnam,1996,2497.19
Vietnam,1997,2475.56
Vietnam,1998,2373.93
Vietnam,1999,2407.09
Vietnam,2000,2372.06
Vietnam,2001,2336.25
Vietnam,2002,2283.97
Vietnam,2003,2265.36
Vietnam,2004,2247.05
Vietnam,2005,2231.59
Vietnam,2006,2246.4
Vietnam,2007,2295.14
Vietnam,2008,2360.43
Vietnam,2009,2375.49
Vietnam,2010,2375.29
Vietnam,2011,2343.38
Vietnam,2012,2346.89
Vietnam,2013,2339.95
Vietnam,2014,2339.95
Vietnam,2015,2339.95
Vietnam,2016,2339.95
West Germany,1950,2420.37
West Germany,1951,2394.61
West Germany,1952,2369.13
West Germany,1953,2343.91
West Germany,1954,2318.97
West Germany,1955,2294.29
West Germany,1956,2269.87
West Germany,1957,2245.72
West Germany,1958,2221.82
West Germany,1959,2198.17
West Germany,1960,2174.78
West Germany,1961,2148.24
West Germany,1962,2111.24
West Germany,1963,2080.88
West Germany,1964,2092.34
West Germany,1965,2078.17
West Germany,1966,2051.93
West Germany,1967,2014.33
West Germany,1968,2001.87
West Germany,1969,1982.16
West Germany,1970,1966.78
West Germany,1971,1934.91
West Germany,1972,1909.88
West Germany,1973,1879.42
West Germany,1974,1846.24
West Germany,1975,1806.63
West Germany,1976,1819
West Germany,1977,1801
West Germany,1978,1782
West Germany,1979,1770
West Germany,1980,1751
West Germany,1981,1729
West Germany,1982,1718
West Germany,1983,1705
West Germany,1984,1694
West Germany,1985,1671
West Germany,1986,1652
West Germany,1987,1629
West Germany,1988,1624
West Germany,1989,1601
West Germany,1990,1578
West Germany,1991,1549
West Germany,1992,1537
West Germany,1993,1515
West Germany,1994,1516
West Germany,1995,1503
West Germany,1996,1487
West Germany,1997,1482
West Germany,1998,1478
